year,project_id,camera_trap_array,deployment_id,sequence_id,start_time,end_time,class,order,family,genus,species,common_name,age,sex,group_size,seq_length,project_deployment_id
2023,2006496,NYC,NY_Anthropogenic_NYC_23_loc01 09/13/2023,8068953,2023-11-26T05:42:31Z,2023-11-26T05:42:50Z,Mammalia,Lagomorpha,Leporidae,Sylvilagus,floridanus,Eastern Cottontail,NA,NA,1,19,2006496_NY_Anthropogenic_NYC_23_loc01 09/13/2023
2023,2006496,NYC,NY_Anthropogenic_NYC_23_loc32 10/04/2023,7572513,2023-10-06T14:40:36Z,2023-10-06T14:40:39Z,Mammalia,Lagomorpha,Leporidae,Sylvilagus,floridanus,Eastern Cottontail,NA,NA,1,3,2006496_NY_Anthropogenic_NYC_23_loc32 10/04/2023
2023,2006496,NYC,NY_Anthropogenic_NYC_23_loc10 09/29/2023,7383801,2023-10-06T06:13:34Z,2023-10-06T06:13:38Z,Mammalia,Carnivora,Canidae,Canis,latrans,Coyote,NA,NA,1,4,2006496_NY_Anthropogenic_NYC_23_loc10 09/29/2023
2023,2006496,NYC,NY_Anthropogenic_NYC_23_loc12 10/05/2023,7390064,2023-10-21T17:16:06Z,2023-10-21T17:16:10Z,Mammalia,Carnivora,Canidae,Canis,latrans,Coyote,NA,NA,1,4,2006496_NY_Anthropogenic_NYC_23_loc12 10/05/2023
2023,2006496,NYC,NY_Anthropogenic_NYC_23_loc01 09/13/2023,8068886,2023-11-24T05:05:21Z,2023-11-24T05:05:23Z,Mammalia,Lagomorpha,Leporidae,Sylvilagus,floridanus,Eastern Cottontail,NA,NA,1,2,2006496_NY_Anthropogenic_NYC_23_loc01 09/13/2023
2023,2006496,NYC,NY_Anthropogenic_NYC_23_loc01 09/13/2023,8068813,2023-11-22T17:37:59Z,2023-11-22T17:38:08Z,Mammalia,Lagomorpha,Leporidae,Sylvilagus,floridanus,Eastern Cottontail,NA,NA,1,9,2006496_NY_Anthropogenic_NYC_23_loc01 09/13/2023
2023,2006496,NYC,NY_Anthropogenic_NYC_23_loc01 09/13/2023,8068788,2023-11-19T18:34:57Z,2023-11-19T18:35:00Z,Mammalia,Lagomorpha,Leporidae,Sylvilagus,floridanus,Eastern Cottontail,NA,NA,1,3,2006496_NY_Anthropogenic_NYC_23_loc01 09/13/2023
2023,2006496,NYC,NY_Anthropogenic_NYC_23_loc12 10/05/2023,7390160,2023-10-23T03:19:49Z,2023-10-23T03:19:52Z,Mammalia,Carnivora,Canidae,Canis,latrans,Coyote,NA,NA,1,3,2006496_NY_Anthropogenic_NYC_23_loc12 10/05/2023
2023,2006496,NYC,NY_Anthropogenic_NYC_23_loc42 09/28/2023,7627391,2023-10-12T03:26:38Z,2023-10-12T03:26:42Z,Mammalia,Lagomorpha,Leporidae,Sylvilagus,floridanus,Eastern Cottontail,NA,NA,1,4,2006496_NY_Anthropogenic_NYC_23_loc42 09/28/2023
2023,2006496,NYC,NY_Anthropogenic_NYC_23_loc01 09/13/2023,8068933,2023-11-25T16:50:19Z,2023-11-25T16:51:03Z,Mammalia,Lagomorpha,Leporidae,Sylvilagus,floridanus,Eastern Cottontail,NA,NA,1,44,2006496_NY_Anthropogenic_NYC_23_loc01 09/13/2023
2023,2006496,NYC,NY_Anthropogenic_NYC_23_loc02 09/20/2023,8070294,2023-11-27T01:55:17Z,2023-11-27T01:55:21Z,Mammalia,Lagomorpha,Leporidae,Sylvilagus,floridanus,Eastern Cottontail,NA,NA,1,4,2006496_NY_Anthropogenic_NYC_23_loc02 09/20/2023
2023,2006496,NYC,NY_Anthropogenic_NYC_23_loc02 09/20/2023,8069311,2023-09-26T21:26:26Z,2023-09-26T21:26:29Z,Mammalia,Lagomorpha,Leporidae,Sylvilagus,floridanus,Eastern Cottontail,NA,NA,1,3,2006496_NY_Anthropogenic_NYC_23_loc02 09/20/2023
2023,2006496,NYC,NY_Anthropogenic_NYC_23_loc02 09/20/2023,8069738,2023-10-11T03:14:16Z,2023-10-11T03:15:20Z,Mammalia,Lagomorpha,Leporidae,Sylvilagus,floridanus,Eastern Cottontail,NA,NA,1,64,2006496_NY_Anthropogenic_NYC_23_loc02 09/20/2023
2023,2006496,NYC,NY_Anthropogenic_NYC_23_loc14 10/05/2023,7570624,2023-10-20T02:03:15Z,2023-10-20T02:03:18Z,Mammalia,Carnivora,Canidae,Canis,latrans,Coyote,NA,NA,1,3,2006496_NY_Anthropogenic_NYC_23_loc14 10/05/2023
2023,2006496,NYC,NY_Anthropogenic_NYC_23_loc02 09/20/2023,8069731,2023-10-10T22:07:19Z,2023-10-10T22:07:21Z,Mammalia,Lagomorpha,Leporidae,Sylvilagus,floridanus,Eastern Cottontail,NA,NA,1,2,2006496_NY_Anthropogenic_NYC_23_loc02 09/20/2023
2023,2006496,NYC,NY_Anthropogenic_NYC_23_loc01 09/13/2023,8067663,2023-09-22T16:19:21Z,2023-09-22T16:19:24Z,Mammalia,Lagomorpha,Leporidae,Sylvilagus,floridanus,Eastern Cottontail,NA,NA,1,3,2006496_NY_Anthropogenic_NYC_23_loc01 09/13/2023
2023,2006496,NYC,NY_Anthropogenic_NYC_23_loc42 09/28/2023,7627366,2023-10-11T22:12:37Z,2023-10-11T22:13:06Z,Mammalia,Lagomorpha,Leporidae,Sylvilagus,floridanus,Eastern Cottontail,NA,NA,1,29,2006496_NY_Anthropogenic_NYC_23_loc42 09/28/2023
2023,2006496,NYC,NY_Anthropogenic_NYC_23_loc02 09/20/2023,8070029,2023-10-24T04:53:27Z,2023-10-24T04:53:36Z,Mammalia,Lagomorpha,Leporidae,Sylvilagus,floridanus,Eastern Cottontail,NA,NA,1,9,2006496_NY_Anthropogenic_NYC_23_loc02 09/20/2023
2023,2006496,NYC,NY_Anthropogenic_NYC_23_loc01 09/13/2023,8068745,2023-11-18T02:42:29Z,2023-11-18T02:42:31Z,Mammalia,Lagomorpha,Leporidae,Sylvilagus,floridanus,Eastern Cottontail,NA,NA,1,2,2006496_NY_Anthropogenic_NYC_23_loc01 09/13/2023
2023,2006496,NYC,NY_Anthropogenic_NYC_23_loc01 09/13/2023,8068992,2023-11-28T04:36:36Z,2023-11-28T04:36:39Z,Mammalia,Lagomorpha,Leporidae,Sylvilagus,floridanus,Eastern Cottontail,NA,NA,1,3,2006496_NY_Anthropogenic_NYC_23_loc01 09/13/2023
2023,2006496,NYC,NY_Anthropogenic_NYC_23_loc59 09/01/2023,7992081,2023-10-23T03:22:39Z,2023-10-23T03:22:43Z,Mammalia,Carnivora,Canidae,Canis,latrans,Coyote,NA,NA,1,4,2006496_NY_Anthropogenic_NYC_23_loc59 09/01/2023
2023,2006496,NYC,NY_Anthropogenic_NYC_23_loc59 09/01/2023,7991821,2023-09-20T17:32:32Z,2023-09-20T17:32:32Z,Mammalia,Carnivora,Canidae,Canis,latrans,Coyote,NA,NA,1,0,2006496_NY_Anthropogenic_NYC_23_loc59 09/01/2023
2023,2006496,NYC,NY_Anthropogenic_NYC_23_loc02 09/20/2023,8070011,2023-10-23T05:40:24Z,2023-10-23T05:40:39Z,Mammalia,Lagomorpha,Leporidae,Sylvilagus,floridanus,Eastern Cottontail,NA,NA,1,15,2006496_NY_Anthropogenic_NYC_23_loc02 09/20/2023
2023,2006496,NYC,NY_Anthropogenic_NYC_23_loc01 09/13/2023,8068969,2023-11-27T05:59:36Z,2023-11-27T05:59:39Z,Mammalia,Lagomorpha,Leporidae,Sylvilagus,floridanus,Eastern Cottontail,NA,NA,1,3,2006496_NY_Anthropogenic_NYC_23_loc01 09/13/2023
2023,2006496,NYC,NY_Anthropogenic_NYC_23_loc42 09/28/2023,7627463,2023-10-13T19:36:33Z,2023-10-13T19:36:36Z,Mammalia,Lagomorpha,Leporidae,Sylvilagus,floridanus,Eastern Cottontail,NA,NA,1,3,2006496_NY_Anthropogenic_NYC_23_loc42 09/28/2023
2023,2006496,NYC,NY_Anthropogenic_NYC_23_loc49 09/28/2023,7634155,2023-10-17T21:32:08Z,2023-10-17T21:32:11Z,Mammalia,Lagomorpha,Leporidae,Sylvilagus,floridanus,Eastern Cottontail,NA,NA,1,3,2006496_NY_Anthropogenic_NYC_23_loc49 09/28/2023
2023,2006496,NYC,NY_Anthropogenic_NYC_23_loc02 09/20/2023,8069526,2023-10-03T02:52:38Z,2023-10-03T02:52:41Z,Mammalia,Lagomorpha,Leporidae,Sylvilagus,floridanus,Eastern Cottontail,NA,NA,1,3,2006496_NY_Anthropogenic_NYC_23_loc02 09/20/2023
2023,2006496,NYC,NY_Anthropogenic_NYC_23_loc59 09/01/2023,7991979,2023-10-12T15:47:40Z,2023-10-12T15:47:44Z,Mammalia,Carnivora,Canidae,Canis,latrans,Coyote,NA,NA,1,4,2006496_NY_Anthropogenic_NYC_23_loc59 09/01/2023
2023,2006496,NYC,NY_Anthropogenic_NYC_23_loc01 09/13/2023,8068876,2023-11-23T18:29:03Z,2023-11-23T18:29:05Z,Mammalia,Lagomorpha,Leporidae,Sylvilagus,floridanus,Eastern Cottontail,NA,NA,1,2,2006496_NY_Anthropogenic_NYC_23_loc01 09/13/2023
2023,2006496,NYC,NY_Anthropogenic_NYC_23_loc02 09/20/2023,8069522,2023-10-02T19:15:16Z,2023-10-02T19:15:30Z,Mammalia,Lagomorpha,Leporidae,Sylvilagus,floridanus,Eastern Cottontail,NA,NA,1,14,2006496_NY_Anthropogenic_NYC_23_loc02 09/20/2023
2023,2006496,NYC,NY_Anthropogenic_NYC_23_loc01 09/13/2023,8068985,2023-11-27T23:52:32Z,2023-11-27T23:52:51Z,Mammalia,Lagomorpha,Leporidae,Sylvilagus,floridanus,Eastern Cottontail,NA,NA,1,19,2006496_NY_Anthropogenic_NYC_23_loc01 09/13/2023
2023,2006496,NYC,NY_Anthropogenic_NYC_23_loc02 09/20/2023,8070126,2023-10-29T05:06:05Z,2023-10-29T05:06:08Z,Mammalia,Lagomorpha,Leporidae,Sylvilagus,floridanus,Eastern Cottontail,NA,NA,1,3,2006496_NY_Anthropogenic_NYC_23_loc02 09/20/2023
2023,2006496,NYC,NY_Anthropogenic_NYC_23_loc32 10/04/2023,7573229,2023-10-20T17:39:02Z,2023-10-20T17:39:05Z,Mammalia,Lagomorpha,Leporidae,Sylvilagus,floridanus,Eastern Cottontail,NA,NA,1,3,2006496_NY_Anthropogenic_NYC_23_loc32 10/04/2023
2023,2006496,NYC,NY_Anthropogenic_NYC_23_loc03 09/13/2023,8070339,2023-09-21T18:44:28Z,2023-09-21T18:44:31Z,Mammalia,Lagomorpha,Leporidae,Sylvilagus,floridanus,Eastern Cottontail,NA,NA,1,3,2006496_NY_Anthropogenic_NYC_23_loc03 09/13/2023
2023,2006496,NYC,NY_Anthropogenic_NYC_23_loc02 09/20/2023,8069569,2023-10-04T16:57:48Z,2023-10-04T16:57:51Z,Mammalia,Lagomorpha,Leporidae,Sylvilagus,floridanus,Eastern Cottontail,NA,NA,1,3,2006496_NY_Anthropogenic_NYC_23_loc02 09/20/2023
2023,2006496,NYC,NY_Anthropogenic_NYC_23_loc55 09/28/2023,7640197,2023-10-07T17:24:12Z,2023-10-07T17:24:15Z,Mammalia,Lagomorpha,Leporidae,Sylvilagus,floridanus,Eastern Cottontail,NA,NA,1,3,2006496_NY_Anthropogenic_NYC_23_loc55 09/28/2023
2023,2006496,NYC,NY_Anthropogenic_NYC_23_loc54 09/28/2023,7639810,2023-11-01T03:04:19Z,2023-11-01T03:04:23Z,Mammalia,Lagomorpha,Leporidae,Sylvilagus,floridanus,Eastern Cottontail,NA,NA,1,4,2006496_NY_Anthropogenic_NYC_23_loc54 09/28/2023
2023,2006496,NYC,NY_Anthropogenic_NYC_23_loc01 09/13/2023,8067957,2023-10-02T06:19:59Z,2023-10-02T06:20:02Z,Mammalia,Carnivora,Canidae,Canis,latrans,Coyote,NA,NA,1,3,2006496_NY_Anthropogenic_NYC_23_loc01 09/13/2023
2023,2006496,NYC,NY_Anthropogenic_NYC_23_loc01 09/13/2023,8068997,2023-11-28T05:07:29Z,2023-11-28T05:08:12Z,Mammalia,Lagomorpha,Leporidae,Sylvilagus,floridanus,Eastern Cottontail,NA,NA,1,43,2006496_NY_Anthropogenic_NYC_23_loc01 09/13/2023
2023,2006496,NYC,NY_Anthropogenic_NYC_23_loc59 09/01/2023,7992070,2023-10-22T19:25:15Z,2023-10-22T19:25:20Z,Mammalia,Carnivora,Canidae,Canis,latrans,Coyote,NA,NA,1,5,2006496_NY_Anthropogenic_NYC_23_loc59 09/01/2023
2023,2006496,NYC,NY_Anthropogenic_NYC_23_loc01 09/13/2023,8068616,2023-11-11T04:56:12Z,2023-11-11T04:56:15Z,Mammalia,Lagomorpha,Leporidae,Sylvilagus,floridanus,Eastern Cottontail,NA,NA,1,3,2006496_NY_Anthropogenic_NYC_23_loc01 09/13/2023
2023,2006496,NYC,NY_Anthropogenic_NYC_23_loc02 09/20/2023,8069470,2023-10-01T21:43:53Z,2023-10-01T21:44:01Z,Mammalia,Lagomorpha,Leporidae,Sylvilagus,floridanus,Eastern Cottontail,NA,NA,1,8,2006496_NY_Anthropogenic_NYC_23_loc02 09/20/2023
2023,2006496,NYC,NY_Anthropogenic_NYC_23_loc12 10/05/2023,7390282,2023-10-28T18:14:13Z,2023-10-28T18:14:18Z,Mammalia,Carnivora,Canidae,Canis,latrans,Coyote,NA,NA,1,5,2006496_NY_Anthropogenic_NYC_23_loc12 10/05/2023
2023,2006496,NYC,NY_Anthropogenic_NYC_23_loc01 09/13/2023,8068557,2023-11-07T17:07:26Z,2023-11-07T17:07:29Z,Mammalia,Lagomorpha,Leporidae,Sylvilagus,floridanus,Eastern Cottontail,NA,NA,1,3,2006496_NY_Anthropogenic_NYC_23_loc01 09/13/2023
2023,2006496,NYC,NY_Anthropogenic_NYC_23_loc01 09/13/2023,8068306,2023-10-24T08:54:05Z,2023-10-24T08:54:08Z,Mammalia,Lagomorpha,Leporidae,Sylvilagus,floridanus,Eastern Cottontail,NA,NA,1,3,2006496_NY_Anthropogenic_NYC_23_loc01 09/13/2023
2023,2006496,NYC,NY_Anthropogenic_NYC_23_loc01 09/13/2023,8068664,2023-11-13T05:30:25Z,2023-11-13T05:30:37Z,Mammalia,Lagomorpha,Leporidae,Sylvilagus,floridanus,Eastern Cottontail,NA,NA,1,12,2006496_NY_Anthropogenic_NYC_23_loc01 09/13/2023
2023,2006496,NYC,NY_Anthropogenic_NYC_23_loc01 09/13/2023,8068393,2023-10-28T18:51:30Z,2023-10-28T18:51:35Z,Mammalia,Carnivora,Canidae,Canis,latrans,Coyote,NA,NA,1,5,2006496_NY_Anthropogenic_NYC_23_loc01 09/13/2023
2023,2006496,NYC,NY_Anthropogenic_NYC_23_loc31 10/04/2023,7572277,2023-10-26T04:47:46Z,2023-10-26T04:47:48Z,Mammalia,Lagomorpha,Leporidae,Sylvilagus,floridanus,Eastern Cottontail,NA,NA,1,2,2006496_NY_Anthropogenic_NYC_23_loc31 10/04/2023
2023,2006496,NYC,NY_Anthropogenic_NYC_23_loc59 09/01/2023,7991835,2023-09-23T23:46:10Z,2023-09-23T23:46:14Z,Mammalia,Carnivora,Canidae,Canis,latrans,Coyote,NA,NA,1,4,2006496_NY_Anthropogenic_NYC_23_loc59 09/01/2023
2023,2006496,NYC,NY_Anthropogenic_NYC_23_loc02 09/20/2023,8070167,2023-11-03T05:54:58Z,2023-11-03T05:55:06Z,Mammalia,Lagomorpha,Leporidae,Sylvilagus,floridanus,Eastern Cottontail,NA,NA,1,8,2006496_NY_Anthropogenic_NYC_23_loc02 09/20/2023
2023,2006496,NYC,NY_Anthropogenic_NYC_23_loc01 09/13/2023,8068879,2023-11-23T19:08:51Z,2023-11-23T19:08:54Z,Mammalia,Lagomorpha,Leporidae,Sylvilagus,floridanus,Eastern Cottontail,NA,NA,1,3,2006496_NY_Anthropogenic_NYC_23_loc01 09/13/2023
2023,2006496,NYC,NY_Anthropogenic_NYC_23_loc01 09/13/2023,8068358,2023-10-26T16:32:05Z,2023-10-26T16:32:23Z,Mammalia,Carnivora,Canidae,Canis,latrans,Coyote,NA,NA,1,18,2006496_NY_Anthropogenic_NYC_23_loc01 09/13/2023
2023,2006496,NYC,NY_Anthropogenic_NYC_23_loc02 09/20/2023,8069330,2023-09-27T18:08:35Z,2023-09-27T18:08:39Z,Mammalia,Lagomorpha,Leporidae,Sylvilagus,floridanus,Eastern Cottontail,NA,NA,1,4,2006496_NY_Anthropogenic_NYC_23_loc02 09/20/2023
2023,2006496,NYC,NY_Anthropogenic_NYC_23_loc02 09/20/2023,8069564,2023-10-04T14:15:40Z,2023-10-04T14:15:44Z,Mammalia,Lagomorpha,Leporidae,Sylvilagus,floridanus,Eastern Cottontail,NA,NA,1,4,2006496_NY_Anthropogenic_NYC_23_loc02 09/20/2023
2023,2006496,NYC,NY_Anthropogenic_NYC_23_loc01 09/13/2023,8068825,2023-11-23T00:26:20Z,2023-11-23T00:26:23Z,Mammalia,Lagomorpha,Leporidae,Sylvilagus,floridanus,Eastern Cottontail,NA,NA,1,3,2006496_NY_Anthropogenic_NYC_23_loc01 09/13/2023
2023,2006496,NYC,NY_Anthropogenic_NYC_23_loc01 09/13/2023,8068599,2023-11-09T22:56:52Z,2023-11-09T22:56:55Z,Mammalia,Lagomorpha,Leporidae,Sylvilagus,floridanus,Eastern Cottontail,NA,NA,1,3,2006496_NY_Anthropogenic_NYC_23_loc01 09/13/2023
2023,2006496,NYC,NY_Anthropogenic_NYC_23_loc01 09/13/2023,8068811,2023-11-22T17:32:51Z,2023-11-22T17:32:54Z,Mammalia,Lagomorpha,Leporidae,Sylvilagus,floridanus,Eastern Cottontail,NA,NA,1,3,2006496_NY_Anthropogenic_NYC_23_loc01 09/13/2023
2023,2006496,NYC,NY_Anthropogenic_NYC_23_loc01 09/13/2023,8068620,2023-11-11T08:13:39Z,2023-11-11T08:13:43Z,Mammalia,Carnivora,Canidae,Canis,latrans,Coyote,NA,NA,1,4,2006496_NY_Anthropogenic_NYC_23_loc01 09/13/2023
2023,2006496,NYC,NY_Anthropogenic_NYC_23_loc58 09/22/2023,7653143,2023-10-05T04:02:37Z,2023-10-05T04:02:41Z,Mammalia,Carnivora,Canidae,Canis,latrans,Coyote,NA,NA,1,4,2006496_NY_Anthropogenic_NYC_23_loc58 09/22/2023
2023,2006496,NYC,NY_Anthropogenic_NYC_23_loc01 09/13/2023,8068960,2023-11-26T17:53:59Z,2023-11-26T17:54:02Z,Mammalia,Lagomorpha,Leporidae,Sylvilagus,floridanus,Eastern Cottontail,NA,NA,1,3,2006496_NY_Anthropogenic_NYC_23_loc01 09/13/2023
2023,2006496,NYC,NY_Anthropogenic_NYC_23_loc01 09/13/2023,8068480,2023-11-03T07:30:25Z,2023-11-03T07:32:11Z,Mammalia,Lagomorpha,Leporidae,Sylvilagus,floridanus,Eastern Cottontail,NA,NA,1,106,2006496_NY_Anthropogenic_NYC_23_loc01 09/13/2023
2023,2006496,NYC,NY_Anthropogenic_NYC_23_loc02 09/20/2023,8069831,2023-10-13T21:31:16Z,2023-10-13T21:31:19Z,Mammalia,Lagomorpha,Leporidae,Sylvilagus,floridanus,Eastern Cottontail,NA,NA,1,3,2006496_NY_Anthropogenic_NYC_23_loc02 09/20/2023
2023,2006496,NYC,NY_Anthropogenic_NYC_23_loc01 09/13/2023,8068765,2023-11-19T03:41:44Z,2023-11-19T03:42:09Z,Mammalia,Lagomorpha,Leporidae,Sylvilagus,floridanus,Eastern Cottontail,NA,NA,1,25,2006496_NY_Anthropogenic_NYC_23_loc01 09/13/2023
2023,2006496,NYC,NY_Anthropogenic_NYC_23_loc01 09/13/2023,8068987,2023-11-27T23:59:14Z,2023-11-27T23:59:21Z,Mammalia,Lagomorpha,Leporidae,Sylvilagus,floridanus,Eastern Cottontail,NA,NA,1,7,2006496_NY_Anthropogenic_NYC_23_loc01 09/13/2023
2023,2006496,NYC,NY_Anthropogenic_NYC_23_loc01 09/13/2023,8068948,2023-11-25T20:57:56Z,2023-11-25T20:57:59Z,Mammalia,Lagomorpha,Leporidae,Sylvilagus,floridanus,Eastern Cottontail,NA,NA,1,3,2006496_NY_Anthropogenic_NYC_23_loc01 09/13/2023
2023,2006496,NYC,NY_Anthropogenic_NYC_23_loc54 09/28/2023,7638705,2023-10-01T17:21:38Z,2023-10-01T17:21:42Z,Mammalia,Lagomorpha,Leporidae,Sylvilagus,floridanus,Eastern Cottontail,NA,NA,1,4,2006496_NY_Anthropogenic_NYC_23_loc54 09/28/2023
2023,2006496,NYC,NY_Anthropogenic_NYC_23_loc01 09/13/2023,8068693,2023-11-14T20:19:14Z,2023-11-14T20:19:17Z,Mammalia,Lagomorpha,Leporidae,Sylvilagus,floridanus,Eastern Cottontail,NA,NA,1,3,2006496_NY_Anthropogenic_NYC_23_loc01 09/13/2023
2023,2006496,NYC,NY_Anthropogenic_NYC_23_loc59 09/01/2023,7991797,2023-09-13T04:16:57Z,2023-09-13T04:17:02Z,Mammalia,Carnivora,Canidae,Canis,latrans,Coyote,NA,NA,1,5,2006496_NY_Anthropogenic_NYC_23_loc59 09/01/2023
2023,2006496,NYC,NY_Anthropogenic_NYC_23_loc31 10/04/2023,7572291,2023-10-27T05:41:01Z,2023-10-27T05:41:20Z,Mammalia,Lagomorpha,Leporidae,Sylvilagus,floridanus,Eastern Cottontail,NA,NA,1,19,2006496_NY_Anthropogenic_NYC_23_loc31 10/04/2023
2023,2006496,NYC,NY_Anthropogenic_NYC_23_loc01 09/13/2023,8068204,2023-10-18T05:36:23Z,2023-10-18T05:36:54Z,Mammalia,Lagomorpha,Leporidae,Sylvilagus,floridanus,Eastern Cottontail,NA,NA,1,31,2006496_NY_Anthropogenic_NYC_23_loc01 09/13/2023
2023,2006496,NYC,NY_Anthropogenic_NYC_23_loc01 09/13/2023,8067385,2023-09-17T18:11:58Z,2023-09-17T18:12:00Z,Mammalia,Lagomorpha,Leporidae,Sylvilagus,floridanus,Eastern Cottontail,NA,NA,1,2,2006496_NY_Anthropogenic_NYC_23_loc01 09/13/2023
2023,2006496,NYC,NY_Anthropogenic_NYC_23_loc32 10/04/2023,7574623,2023-11-01T03:30:39Z,2023-11-01T03:32:34Z,Mammalia,Lagomorpha,Leporidae,Sylvilagus,floridanus,Eastern Cottontail,NA,NA,1,115,2006496_NY_Anthropogenic_NYC_23_loc32 10/04/2023
2023,2006496,NYC,NY_Anthropogenic_NYC_23_loc02 09/20/2023,8069912,2023-10-17T05:43:27Z,2023-10-17T05:43:30Z,Mammalia,Lagomorpha,Leporidae,Sylvilagus,floridanus,Eastern Cottontail,NA,NA,1,3,2006496_NY_Anthropogenic_NYC_23_loc02 09/20/2023
2023,2006496,NYC,NY_Anthropogenic_NYC_23_loc01 09/13/2023,8068880,2023-11-23T19:26:38Z,2023-11-23T19:26:41Z,Mammalia,Lagomorpha,Leporidae,Sylvilagus,floridanus,Eastern Cottontail,NA,NA,1,3,2006496_NY_Anthropogenic_NYC_23_loc01 09/13/2023
2023,2006496,NYC,NY_Anthropogenic_NYC_23_loc01 09/13/2023,8068881,2023-11-23T19:34:32Z,2023-11-23T19:34:35Z,Mammalia,Lagomorpha,Leporidae,Sylvilagus,floridanus,Eastern Cottontail,NA,NA,1,3,2006496_NY_Anthropogenic_NYC_23_loc01 09/13/2023
2023,2006496,NYC,NY_Anthropogenic_NYC_23_loc42 09/28/2023,7627562,2023-10-16T01:20:24Z,2023-10-16T01:20:27Z,Mammalia,Lagomorpha,Leporidae,Sylvilagus,floridanus,Eastern Cottontail,NA,NA,1,3,2006496_NY_Anthropogenic_NYC_23_loc42 09/28/2023
2023,2006496,NYC,NY_Anthropogenic_NYC_23_loc12 10/05/2023,7389865,2023-10-16T23:59:53Z,2023-10-16T23:59:56Z,Mammalia,Carnivora,Canidae,Canis,latrans,Coyote,NA,NA,1,3,2006496_NY_Anthropogenic_NYC_23_loc12 10/05/2023
2023,2006496,NYC,NY_Anthropogenic_NYC_23_loc01 09/13/2023,8068443,2023-11-01T12:10:40Z,2023-11-01T12:10:50Z,Mammalia,Carnivora,Canidae,Canis,latrans,Coyote,NA,NA,1,10,2006496_NY_Anthropogenic_NYC_23_loc01 09/13/2023
2023,2006496,NYC,NY_Anthropogenic_NYC_23_loc01 09/13/2023,8068882,2023-11-23T19:29:21Z,2023-11-23T19:29:24Z,Mammalia,Lagomorpha,Leporidae,Sylvilagus,floridanus,Eastern Cottontail,NA,NA,1,3,2006496_NY_Anthropogenic_NYC_23_loc01 09/13/2023
2023,2006496,NYC,NY_Anthropogenic_NYC_23_loc31 10/04/2023,7571792,2023-10-13T10:04:26Z,2023-10-13T10:04:31Z,Mammalia,Carnivora,Canidae,Canis,latrans,Coyote,NA,NA,1,5,2006496_NY_Anthropogenic_NYC_23_loc31 10/04/2023
2023,2006496,NYC,NY_Anthropogenic_NYC_23_loc01 09/13/2023,8068996,2023-11-28T05:00:48Z,2023-11-28T05:00:51Z,Mammalia,Lagomorpha,Leporidae,Sylvilagus,floridanus,Eastern Cottontail,NA,NA,1,3,2006496_NY_Anthropogenic_NYC_23_loc01 09/13/2023
2023,2006496,NYC,NY_Anthropogenic_NYC_23_loc14 10/05/2023,7570583,2023-10-16T00:06:00Z,2023-10-16T00:06:04Z,Mammalia,Carnivora,Canidae,Canis,latrans,Coyote,NA,NA,1,4,2006496_NY_Anthropogenic_NYC_23_loc14 10/05/2023
2023,2006496,NYC,NY_Anthropogenic_NYC_23_loc59 09/01/2023,7991937,2023-10-07T11:35:17Z,2023-10-07T11:35:21Z,Mammalia,Carnivora,Canidae,Canis,latrans,Coyote,NA,NA,1,4,2006496_NY_Anthropogenic_NYC_23_loc59 09/01/2023
2023,2006496,NYC,NY_Anthropogenic_NYC_23_loc12 10/05/2023,7389538,2023-10-08T02:02:38Z,2023-10-08T02:02:42Z,Mammalia,Carnivora,Canidae,Canis,latrans,Coyote,NA,NA,1,4,2006496_NY_Anthropogenic_NYC_23_loc12 10/05/2023
2023,2006496,NYC,NY_Anthropogenic_NYC_23_loc49 09/28/2023,7634163,2023-10-17T21:34:04Z,2023-10-17T21:34:07Z,Mammalia,Lagomorpha,Leporidae,Sylvilagus,floridanus,Eastern Cottontail,NA,NA,1,3,2006496_NY_Anthropogenic_NYC_23_loc49 09/28/2023
2023,2006496,NYC,NY_Anthropogenic_NYC_23_loc12 10/05/2023,7390062,2023-10-21T06:09:40Z,2023-10-21T06:09:44Z,Mammalia,Carnivora,Canidae,Canis,latrans,Coyote,NA,NA,1,4,2006496_NY_Anthropogenic_NYC_23_loc12 10/05/2023
2023,2006496,NYC,NY_Anthropogenic_NYC_23_loc12 10/05/2023,7390266,2023-10-28T11:33:46Z,2023-10-28T11:33:51Z,Mammalia,Carnivora,Canidae,Canis,latrans,Coyote,NA,NA,1,5,2006496_NY_Anthropogenic_NYC_23_loc12 10/05/2023
2023,2006496,NYC,NY_Anthropogenic_NYC_23_loc59 09/01/2023,7991792,2023-09-12T03:49:45Z,2023-09-12T03:49:50Z,Mammalia,Carnivora,Canidae,Canis,latrans,Coyote,NA,NA,1,5,2006496_NY_Anthropogenic_NYC_23_loc59 09/01/2023
2023,2006496,NYC,NY_Anthropogenic_NYC_23_loc42 09/28/2023,7627532,2023-10-16T00:45:36Z,2023-10-16T00:45:59Z,Mammalia,Lagomorpha,Leporidae,Sylvilagus,floridanus,Eastern Cottontail,NA,NA,1,23,2006496_NY_Anthropogenic_NYC_23_loc42 09/28/2023
2023,2006496,NYC,NY_Anthropogenic_NYC_23_loc01 09/13/2023,8068663,2023-11-12T17:26:40Z,2023-11-12T17:26:45Z,Mammalia,Carnivora,Canidae,Canis,latrans,Coyote,NA,NA,1,5,2006496_NY_Anthropogenic_NYC_23_loc01 09/13/2023
2023,2006496,NYC,NY_Anthropogenic_NYC_23_loc02 09/20/2023,8069835,2023-10-14T04:47:39Z,2023-10-14T04:47:52Z,Mammalia,Lagomorpha,Leporidae,Sylvilagus,floridanus,Eastern Cottontail,NA,NA,2,13,2006496_NY_Anthropogenic_NYC_23_loc02 09/20/2023
2023,2006496,NYC,NY_Anthropogenic_NYC_23_loc01 09/13/2023,8068487,2023-11-04T07:33:06Z,2023-11-04T07:33:11Z,Mammalia,Carnivora,Canidae,Canis,latrans,Coyote,NA,NA,1,5,2006496_NY_Anthropogenic_NYC_23_loc01 09/13/2023
2023,2006496,NYC,NY_Anthropogenic_NYC_23_loc01 09/13/2023,8068343,2023-10-26T02:24:00Z,2023-10-26T02:24:03Z,Mammalia,Lagomorpha,Leporidae,Sylvilagus,floridanus,Eastern Cottontail,NA,NA,1,3,2006496_NY_Anthropogenic_NYC_23_loc01 09/13/2023
2023,2006496,NYC,NY_Anthropogenic_NYC_23_loc01 09/13/2023,8068943,2023-11-25T20:43:24Z,2023-11-25T20:45:22Z,Mammalia,Lagomorpha,Leporidae,Sylvilagus,floridanus,Eastern Cottontail,NA,NA,1,118,2006496_NY_Anthropogenic_NYC_23_loc01 09/13/2023
2023,2006496,NYC,NY_Anthropogenic_NYC_23_loc01 09/13/2023,8068615,2023-11-11T02:41:09Z,2023-11-11T02:41:12Z,Mammalia,Lagomorpha,Leporidae,Sylvilagus,floridanus,Eastern Cottontail,NA,NA,1,3,2006496_NY_Anthropogenic_NYC_23_loc01 09/13/2023
2023,2006496,NYC,NY_Anthropogenic_NYC_23_loc59 09/01/2023,7991822,2023-09-20T19:24:13Z,2023-09-20T19:24:17Z,Mammalia,Carnivora,Canidae,Canis,latrans,Coyote,NA,NA,1,4,2006496_NY_Anthropogenic_NYC_23_loc59 09/01/2023
2023,2006496,NYC,NY_Anthropogenic_NYC_23_loc42 09/28/2023,7626994,2023-10-06T02:08:53Z,2023-10-06T02:08:56Z,Mammalia,Lagomorpha,Leporidae,Sylvilagus,floridanus,Eastern Cottontail,NA,NA,1,3,2006496_NY_Anthropogenic_NYC_23_loc42 09/28/2023
2023,2006496,NYC,NY_Anthropogenic_NYC_23_loc01 09/13/2023,8068874,2023-11-23T18:26:28Z,2023-11-23T18:26:42Z,Mammalia,Lagomorpha,Leporidae,Sylvilagus,floridanus,Eastern Cottontail,NA,NA,1,14,2006496_NY_Anthropogenic_NYC_23_loc01 09/13/2023
2023,2006496,NYC,NY_Anthropogenic_NYC_23_loc49 09/28/2023,7630218,2023-10-06T22:08:42Z,2023-10-06T22:08:50Z,Mammalia,Lagomorpha,Leporidae,Sylvilagus,floridanus,Eastern Cottontail,NA,NA,1,8,2006496_NY_Anthropogenic_NYC_23_loc49 09/28/2023
2023,2006496,NYC,NY_Anthropogenic_NYC_23_loc59 09/01/2023,7991774,2023-09-05T04:09:30Z,2023-09-05T04:09:34Z,Mammalia,Carnivora,Canidae,Canis,latrans,Coyote,NA,NA,1,4,2006496_NY_Anthropogenic_NYC_23_loc59 09/01/2023
2023,2006496,NYC,NY_Anthropogenic_NYC_23_loc01 09/13/2023,8067295,2023-09-14T09:39:57Z,2023-09-14T09:40:07Z,Mammalia,Carnivora,Canidae,Canis,latrans,Coyote,NA,NA,1,10,2006496_NY_Anthropogenic_NYC_23_loc01 09/13/2023
2023,2006496,NYC,NY_Anthropogenic_NYC_23_loc42 09/28/2023,7627405,2023-10-12T04:27:53Z,2023-10-12T04:27:56Z,Mammalia,Lagomorpha,Leporidae,Sylvilagus,floridanus,Eastern Cottontail,NA,NA,1,3,2006496_NY_Anthropogenic_NYC_23_loc42 09/28/2023
2023,2006496,NYC,NY_Anthropogenic_NYC_23_loc01 09/13/2023,8068912,2023-11-25T04:47:54Z,2023-11-25T04:48:30Z,Mammalia,Lagomorpha,Leporidae,Sylvilagus,floridanus,Eastern Cottontail,NA,NA,1,36,2006496_NY_Anthropogenic_NYC_23_loc01 09/13/2023
2023,2006496,NYC,NY_Anthropogenic_NYC_23_loc56 09/22/2023,7644198,2023-09-28T05:12:00Z,2023-09-28T05:12:03Z,Mammalia,Lagomorpha,Leporidae,Sylvilagus,floridanus,Eastern Cottontail,NA,NA,1,3,2006496_NY_Anthropogenic_NYC_23_loc56 09/22/2023
2023,2006496,NYC,NY_Anthropogenic_NYC_23_loc01 09/13/2023,8068182,2023-10-17T00:41:52Z,2023-10-17T00:41:55Z,Mammalia,Lagomorpha,Leporidae,Sylvilagus,floridanus,Eastern Cottontail,NA,NA,1,3,2006496_NY_Anthropogenic_NYC_23_loc01 09/13/2023
2023,2006496,NYC,NY_Anthropogenic_NYC_23_loc02 09/20/2023,8069739,2023-10-11T04:28:43Z,2023-10-11T04:29:18Z,Mammalia,Lagomorpha,Leporidae,Sylvilagus,floridanus,Eastern Cottontail,NA,NA,1,35,2006496_NY_Anthropogenic_NYC_23_loc02 09/20/2023
2023,2006496,NYC,NY_Anthropogenic_NYC_23_loc01 09/13/2023,8068321,2023-10-25T00:32:05Z,2023-10-25T00:32:08Z,Mammalia,Lagomorpha,Leporidae,Sylvilagus,floridanus,Eastern Cottontail,NA,NA,1,3,2006496_NY_Anthropogenic_NYC_23_loc01 09/13/2023
2023,2006496,NYC,NY_Anthropogenic_NYC_23_loc12 10/05/2023,7389954,2023-10-18T17:58:22Z,2023-10-18T17:58:26Z,Mammalia,Carnivora,Canidae,Canis,latrans,Coyote,NA,NA,1,4,2006496_NY_Anthropogenic_NYC_23_loc12 10/05/2023
2023,2006496,NYC,NY_Anthropogenic_NYC_23_loc01 09/13/2023,8068411,2023-10-31T06:34:59Z,2023-10-31T06:35:02Z,Mammalia,Lagomorpha,Leporidae,Sylvilagus,floridanus,Eastern Cottontail,NA,NA,1,3,2006496_NY_Anthropogenic_NYC_23_loc01 09/13/2023
2023,2006496,NYC,NY_Anthropogenic_NYC_23_loc02 09/20/2023,8069708,2023-10-09T21:08:47Z,2023-10-09T21:08:57Z,Mammalia,Lagomorpha,Leporidae,Sylvilagus,floridanus,Eastern Cottontail,NA,NA,1,10,2006496_NY_Anthropogenic_NYC_23_loc02 09/20/2023
2023,2006496,NYC,NY_Anthropogenic_NYC_23_loc59 09/01/2023,7992034,2023-10-19T22:17:16Z,2023-10-19T22:17:20Z,Mammalia,Carnivora,Canidae,Canis,latrans,Coyote,NA,NA,1,4,2006496_NY_Anthropogenic_NYC_23_loc59 09/01/2023
2023,2006496,NYC,NY_Anthropogenic_NYC_23_loc01 09/13/2023,8068500,2023-11-05T05:33:52Z,2023-11-05T05:33:55Z,Mammalia,Lagomorpha,Leporidae,Sylvilagus,floridanus,Eastern Cottontail,NA,NA,1,3,2006496_NY_Anthropogenic_NYC_23_loc01 09/13/2023
2023,2006496,NYC,NY_Anthropogenic_NYC_23_loc02 09/20/2023,8070046,2023-10-25T05:52:09Z,2023-10-25T05:52:12Z,Mammalia,Lagomorpha,Leporidae,Sylvilagus,floridanus,Eastern Cottontail,NA,NA,1,3,2006496_NY_Anthropogenic_NYC_23_loc02 09/20/2023
2023,2006496,NYC,NY_Anthropogenic_NYC_23_loc02 09/20/2023,8069338,2023-09-28T20:44:47Z,2023-09-28T20:44:50Z,Mammalia,Lagomorpha,Leporidae,Sylvilagus,floridanus,Eastern Cottontail,NA,NA,1,3,2006496_NY_Anthropogenic_NYC_23_loc02 09/20/2023
2023,2006496,NYC,NY_Anthropogenic_NYC_23_loc59 09/01/2023,7991910,2023-10-02T08:01:50Z,2023-10-02T08:01:54Z,Mammalia,Carnivora,Canidae,Canis,latrans,Coyote,NA,NA,1,4,2006496_NY_Anthropogenic_NYC_23_loc59 09/01/2023
2023,2006496,NYC,NY_Anthropogenic_NYC_23_loc01 09/13/2023,8068944,2023-11-25T20:48:50Z,2023-11-25T20:48:52Z,Mammalia,Lagomorpha,Leporidae,Sylvilagus,floridanus,Eastern Cottontail,NA,NA,1,2,2006496_NY_Anthropogenic_NYC_23_loc01 09/13/2023
2023,2006496,NYC,NY_Anthropogenic_NYC_23_loc59 09/01/2023,7991889,2023-09-29T22:27:28Z,2023-09-29T22:27:32Z,Mammalia,Carnivora,Canidae,Canis,latrans,Coyote,NA,NA,1,4,2006496_NY_Anthropogenic_NYC_23_loc59 09/01/2023
2023,2006496,NYC,NY_Anthropogenic_NYC_23_loc59 09/01/2023,7991930,2023-10-05T22:47:01Z,2023-10-05T22:47:05Z,Mammalia,Carnivora,Canidae,Canis,latrans,Coyote,NA,NA,1,4,2006496_NY_Anthropogenic_NYC_23_loc59 09/01/2023
2023,2006496,NYC,NY_Anthropogenic_NYC_23_loc59 09/01/2023,7991813,2023-09-20T11:31:15Z,2023-09-20T11:31:20Z,Mammalia,Carnivora,Canidae,Canis,latrans,Coyote,NA,NA,1,5,2006496_NY_Anthropogenic_NYC_23_loc59 09/01/2023
2023,2006496,NYC,NY_Anthropogenic_NYC_23_loc01 09/13/2023,8069006,2023-11-28T06:17:27Z,2023-11-28T06:17:57Z,Mammalia,Lagomorpha,Leporidae,Sylvilagus,floridanus,Eastern Cottontail,NA,NA,1,30,2006496_NY_Anthropogenic_NYC_23_loc01 09/13/2023
2023,2006496,NYC,NY_Anthropogenic_NYC_23_loc59 09/01/2023,7991967,2023-10-12T04:26:46Z,2023-10-12T04:26:50Z,Mammalia,Carnivora,Canidae,Canis,latrans,Coyote,NA,NA,1,4,2006496_NY_Anthropogenic_NYC_23_loc59 09/01/2023
2023,2006496,NYC,NY_Anthropogenic_NYC_23_loc01 09/13/2023,8068964,2023-11-27T04:29:41Z,2023-11-27T04:29:44Z,Mammalia,Lagomorpha,Leporidae,Sylvilagus,floridanus,Eastern Cottontail,NA,NA,1,3,2006496_NY_Anthropogenic_NYC_23_loc01 09/13/2023
2023,2006496,NYC,NY_Anthropogenic_NYC_23_loc02 09/20/2023,8070107,2023-10-28T05:57:48Z,2023-10-28T05:57:51Z,Mammalia,Lagomorpha,Leporidae,Sylvilagus,floridanus,Eastern Cottontail,NA,NA,1,3,2006496_NY_Anthropogenic_NYC_23_loc02 09/20/2023
2023,2006496,NYC,NY_Anthropogenic_NYC_23_loc01 09/13/2023,8068570,2023-11-08T13:48:10Z,2023-11-08T13:48:14Z,Mammalia,Carnivora,Canidae,Canis,latrans,Coyote,NA,NA,1,4,2006496_NY_Anthropogenic_NYC_23_loc01 09/13/2023
2023,2006496,NYC,NY_Anthropogenic_NYC_23_loc01 09/13/2023,8068995,2023-11-28T04:58:15Z,2023-11-28T04:58:32Z,Mammalia,Lagomorpha,Leporidae,Sylvilagus,floridanus,Eastern Cottontail,NA,NA,1,17,2006496_NY_Anthropogenic_NYC_23_loc01 09/13/2023
2023,2006496,NYC,NY_Anthropogenic_NYC_23_loc01 09/13/2023,8068966,2023-11-27T04:44:58Z,2023-11-27T04:45:09Z,Mammalia,Lagomorpha,Leporidae,Sylvilagus,floridanus,Eastern Cottontail,NA,NA,1,11,2006496_NY_Anthropogenic_NYC_23_loc01 09/13/2023
2023,2006496,NYC,NY_Anthropogenic_NYC_23_loc32 10/04/2023,7574269,2023-10-27T16:36:54Z,2023-10-27T16:36:56Z,Mammalia,Lagomorpha,Leporidae,Sylvilagus,floridanus,Eastern Cottontail,NA,NA,1,2,2006496_NY_Anthropogenic_NYC_23_loc32 10/04/2023
2023,2006496,NYC,NY_Anthropogenic_NYC_23_loc59 09/01/2023,7991784,2023-09-08T04:55:14Z,2023-09-08T04:55:18Z,Mammalia,Carnivora,Canidae,Canis,latrans,Coyote,NA,NA,1,4,2006496_NY_Anthropogenic_NYC_23_loc59 09/01/2023
2023,2006496,NYC,NY_Anthropogenic_NYC_23_loc01 09/13/2023,8068762,2023-11-19T03:24:29Z,2023-11-19T03:24:32Z,Mammalia,Lagomorpha,Leporidae,Sylvilagus,floridanus,Eastern Cottontail,NA,NA,1,3,2006496_NY_Anthropogenic_NYC_23_loc01 09/13/2023
2023,2006496,NYC,NY_Anthropogenic_NYC_23_loc01 09/13/2023,8068763,2023-11-19T03:21:39Z,2023-11-19T03:21:42Z,Mammalia,Lagomorpha,Leporidae,Sylvilagus,floridanus,Eastern Cottontail,NA,NA,1,3,2006496_NY_Anthropogenic_NYC_23_loc01 09/13/2023
2023,2006496,NYC,NY_Anthropogenic_NYC_23_loc32 10/04/2023,7572705,2023-10-13T06:10:03Z,2023-10-13T06:10:18Z,Mammalia,Lagomorpha,Leporidae,Sylvilagus,floridanus,Eastern Cottontail,NA,NA,1,15,2006496_NY_Anthropogenic_NYC_23_loc32 10/04/2023
2023,2006496,NYC,NY_Anthropogenic_NYC_23_loc01 09/13/2023,8068168,2023-10-16T05:59:03Z,2023-10-16T05:59:07Z,Mammalia,Lagomorpha,Leporidae,Sylvilagus,floridanus,Eastern Cottontail,NA,NA,1,4,2006496_NY_Anthropogenic_NYC_23_loc01 09/13/2023
2023,2006496,NYC,NY_Anthropogenic_NYC_23_loc01 09/13/2023,8068889,2023-11-24T05:51:59Z,2023-11-24T05:52:01Z,Mammalia,Lagomorpha,Leporidae,Sylvilagus,floridanus,Eastern Cottontail,NA,NA,1,2,2006496_NY_Anthropogenic_NYC_23_loc01 09/13/2023
2023,2006496,NYC,NY_Anthropogenic_NYC_23_loc59 09/01/2023,7991906,2023-10-02T07:18:33Z,2023-10-02T07:18:37Z,Mammalia,Carnivora,Canidae,Canis,latrans,Coyote,NA,NA,1,4,2006496_NY_Anthropogenic_NYC_23_loc59 09/01/2023
2023,2006496,NYC,NY_Anthropogenic_NYC_23_loc01 09/13/2023,8068228,2023-10-19T03:32:36Z,2023-10-19T03:32:39Z,Mammalia,Lagomorpha,Leporidae,Sylvilagus,floridanus,Eastern Cottontail,NA,NA,1,3,2006496_NY_Anthropogenic_NYC_23_loc01 09/13/2023
2023,2006496,NYC,NY_Anthropogenic_NYC_23_loc02 09/20/2023,8070071,2023-10-26T00:32:56Z,2023-10-26T00:32:59Z,Mammalia,Lagomorpha,Leporidae,Sylvilagus,floridanus,Eastern Cottontail,NA,NA,1,3,2006496_NY_Anthropogenic_NYC_23_loc02 09/20/2023
2023,2006496,NYC,NY_Anthropogenic_NYC_23_loc01 09/13/2023,8068617,2023-11-11T06:03:09Z,2023-11-11T06:03:12Z,Mammalia,Lagomorpha,Leporidae,Sylvilagus,floridanus,Eastern Cottontail,NA,NA,1,3,2006496_NY_Anthropogenic_NYC_23_loc01 09/13/2023
2023,2006496,NYC,NY_Anthropogenic_NYC_23_loc42 09/28/2023,7627398,2023-10-12T03:41:16Z,2023-10-12T03:41:19Z,Mammalia,Lagomorpha,Leporidae,Sylvilagus,floridanus,Eastern Cottontail,NA,NA,1,3,2006496_NY_Anthropogenic_NYC_23_loc42 09/28/2023
2023,2006496,NYC,NY_Anthropogenic_NYC_23_loc02 09/20/2023,8069469,2023-10-01T17:27:33Z,2023-10-01T17:28:51Z,Mammalia,Lagomorpha,Leporidae,Sylvilagus,floridanus,Eastern Cottontail,NA,NA,1,78,2006496_NY_Anthropogenic_NYC_23_loc02 09/20/2023
2023,2006496,NYC,NY_Anthropogenic_NYC_23_loc59 09/01/2023,7991794,2023-09-12T04:43:08Z,2023-09-12T04:43:12Z,Mammalia,Carnivora,Canidae,Canis,latrans,Coyote,NA,NA,1,4,2006496_NY_Anthropogenic_NYC_23_loc59 09/01/2023
2023,2006496,NYC,NY_Anthropogenic_NYC_23_loc01 09/13/2023,8068999,2023-11-28T05:22:22Z,2023-11-28T05:22:24Z,Mammalia,Lagomorpha,Leporidae,Sylvilagus,floridanus,Eastern Cottontail,NA,NA,1,2,2006496_NY_Anthropogenic_NYC_23_loc01 09/13/2023
2023,2006496,NYC,NY_Anthropogenic_NYC_23_loc02 09/20/2023,8069329,2023-09-27T18:05:31Z,2023-09-27T18:05:53Z,Mammalia,Lagomorpha,Leporidae,Sylvilagus,floridanus,Eastern Cottontail,NA,NA,1,22,2006496_NY_Anthropogenic_NYC_23_loc02 09/20/2023
2023,2006496,NYC,NY_Anthropogenic_NYC_23_loc01 09/13/2023,8068994,2023-11-28T04:50:26Z,2023-11-28T04:50:29Z,Mammalia,Lagomorpha,Leporidae,Sylvilagus,floridanus,Eastern Cottontail,NA,NA,1,3,2006496_NY_Anthropogenic_NYC_23_loc01 09/13/2023
2023,2006496,NYC,NY_Anthropogenic_NYC_23_loc54 09/28/2023,7639018,2023-10-14T05:19:22Z,2023-10-14T05:19:26Z,Mammalia,Lagomorpha,Leporidae,Sylvilagus,floridanus,Eastern Cottontail,NA,NA,1,4,2006496_NY_Anthropogenic_NYC_23_loc54 09/28/2023
2023,2006496,NYC,NY_Anthropogenic_NYC_23_loc59 09/01/2023,7992017,2023-10-18T01:13:37Z,2023-10-18T01:13:41Z,Mammalia,Carnivora,Canidae,Canis,latrans,Coyote,NA,NA,1,4,2006496_NY_Anthropogenic_NYC_23_loc59 09/01/2023
2023,2006496,NYC,NY_Anthropogenic_NYC_23_loc01 09/13/2023,8068907,2023-11-25T03:06:27Z,2023-11-25T03:06:30Z,Mammalia,Lagomorpha,Leporidae,Sylvilagus,floridanus,Eastern Cottontail,NA,NA,2,3,2006496_NY_Anthropogenic_NYC_23_loc01 09/13/2023
2023,2006496,NYC,NY_Anthropogenic_NYC_23_loc54 09/28/2023,7638980,2023-10-13T16:56:47Z,2023-10-13T16:56:50Z,Mammalia,Lagomorpha,Leporidae,Sylvilagus,floridanus,Eastern Cottontail,NA,NA,1,3,2006496_NY_Anthropogenic_NYC_23_loc54 09/28/2023
2023,2006496,NYC,NY_Anthropogenic_NYC_23_loc02 09/20/2023,8069910,2023-10-16T17:22:12Z,2023-10-16T17:22:15Z,Mammalia,Lagomorpha,Leporidae,Sylvilagus,floridanus,Eastern Cottontail,NA,NA,1,3,2006496_NY_Anthropogenic_NYC_23_loc02 09/20/2023
2023,2006496,NYC,NY_Anthropogenic_NYC_23_loc42 09/28/2023,7627397,2023-10-12T03:56:42Z,2023-10-12T03:56:45Z,Mammalia,Lagomorpha,Leporidae,Sylvilagus,floridanus,Eastern Cottontail,NA,NA,1,3,2006496_NY_Anthropogenic_NYC_23_loc42 09/28/2023
2023,2006496,NYC,NY_Anthropogenic_NYC_23_loc01 09/13/2023,8068823,2023-11-23T00:12:47Z,2023-11-23T00:13:30Z,Mammalia,Lagomorpha,Leporidae,Sylvilagus,floridanus,Eastern Cottontail,NA,NA,2,43,2006496_NY_Anthropogenic_NYC_23_loc01 09/13/2023
2023,2006496,NYC,NY_Anthropogenic_NYC_23_loc01 09/13/2023,8068587,2023-11-09T09:27:03Z,2023-11-09T09:27:06Z,Mammalia,Carnivora,Canidae,Canis,latrans,Coyote,NA,NA,1,3,2006496_NY_Anthropogenic_NYC_23_loc01 09/13/2023
2023,2006496,NYC,NY_Anthropogenic_NYC_23_loc02 09/20/2023,8069624,2023-10-07T17:05:28Z,2023-10-07T17:05:31Z,Mammalia,Lagomorpha,Leporidae,Sylvilagus,floridanus,Eastern Cottontail,NA,NA,1,3,2006496_NY_Anthropogenic_NYC_23_loc02 09/20/2023
2023,2006496,NYC,NY_Anthropogenic_NYC_23_loc49 09/28/2023,7634137,2023-10-17T21:08:36Z,2023-10-17T21:08:52Z,Mammalia,Lagomorpha,Leporidae,Sylvilagus,floridanus,Eastern Cottontail,NA,NA,1,16,2006496_NY_Anthropogenic_NYC_23_loc49 09/28/2023
2023,2006496,NYC,NY_Anthropogenic_NYC_23_loc01 09/13/2023,8068913,2023-11-25T04:45:54Z,2023-11-25T04:45:57Z,Mammalia,Lagomorpha,Leporidae,Sylvilagus,floridanus,Eastern Cottontail,NA,NA,1,3,2006496_NY_Anthropogenic_NYC_23_loc01 09/13/2023
2023,2006496,NYC,NY_Anthropogenic_NYC_23_loc12 10/05/2023,7389709,2023-10-14T05:19:20Z,2023-10-14T05:19:24Z,Mammalia,Lagomorpha,Leporidae,Sylvilagus,floridanus,Eastern Cottontail,NA,NA,1,4,2006496_NY_Anthropogenic_NYC_23_loc12 10/05/2023
2023,2006496,NYC,NY_Anthropogenic_NYC_23_loc01 09/13/2023,8069002,2023-11-28T05:41:39Z,2023-11-28T05:41:42Z,Mammalia,Lagomorpha,Leporidae,Sylvilagus,floridanus,Eastern Cottontail,NA,NA,1,3,2006496_NY_Anthropogenic_NYC_23_loc01 09/13/2023
2023,2006496,NYC,NY_Anthropogenic_NYC_23_loc01 09/13/2023,8068884,2023-11-24T01:30:54Z,2023-11-24T01:31:05Z,Mammalia,Lagomorpha,Leporidae,Sylvilagus,floridanus,Eastern Cottontail,NA,NA,1,11,2006496_NY_Anthropogenic_NYC_23_loc01 09/13/2023
2023,2006496,NYC,NY_Anthropogenic_NYC_23_loc42 09/28/2023,7627349,2023-10-10T23:29:56Z,2023-10-10T23:30:49Z,Mammalia,Lagomorpha,Leporidae,Sylvilagus,floridanus,Eastern Cottontail,NA,NA,1,53,2006496_NY_Anthropogenic_NYC_23_loc42 09/28/2023
2023,2006496,NYC,NY_Anthropogenic_NYC_23_loc01 09/13/2023,8068988,2023-11-28T00:22:58Z,2023-11-28T00:24:00Z,Mammalia,Lagomorpha,Leporidae,Sylvilagus,floridanus,Eastern Cottontail,NA,NA,1,62,2006496_NY_Anthropogenic_NYC_23_loc01 09/13/2023
2023,2006496,NYC,NY_Anthropogenic_NYC_23_loc03 09/13/2023,8070413,2023-10-14T03:17:57Z,2023-10-14T03:18:01Z,Mammalia,Lagomorpha,Leporidae,Sylvilagus,floridanus,Eastern Cottontail,NA,NA,1,4,2006496_NY_Anthropogenic_NYC_23_loc03 09/13/2023
2023,2006496,NYC,NY_Anthropogenic_NYC_23_loc01 09/13/2023,8068598,2023-11-10T00:23:46Z,2023-11-10T00:23:49Z,Mammalia,Lagomorpha,Leporidae,Sylvilagus,floridanus,Eastern Cottontail,NA,NA,1,3,2006496_NY_Anthropogenic_NYC_23_loc01 09/13/2023
2023,2006496,NYC,NY_Anthropogenic_NYC_23_loc01 09/13/2023,8068662,2023-11-13T05:26:12Z,2023-11-13T05:26:22Z,Mammalia,Lagomorpha,Leporidae,Sylvilagus,floridanus,Eastern Cottontail,NA,NA,1,10,2006496_NY_Anthropogenic_NYC_23_loc01 09/13/2023
2023,2006496,NYC,NY_Anthropogenic_NYC_23_loc02 09/20/2023,8069727,2023-10-10T16:53:32Z,2023-10-10T16:53:35Z,Mammalia,Lagomorpha,Leporidae,Sylvilagus,floridanus,Eastern Cottontail,NA,NA,1,3,2006496_NY_Anthropogenic_NYC_23_loc02 09/20/2023
2023,2006496,NYC,NY_Anthropogenic_NYC_23_loc31 10/04/2023,7571785,2023-10-13T06:12:02Z,2023-10-13T06:12:05Z,Mammalia,Carnivora,Canidae,Canis,latrans,Coyote,NA,NA,1,3,2006496_NY_Anthropogenic_NYC_23_loc31 10/04/2023
2023,2006496,NYC,NY_Anthropogenic_NYC_23_loc01 09/13/2023,8068967,2023-11-27T05:34:22Z,2023-11-27T05:34:26Z,Mammalia,Lagomorpha,Leporidae,Sylvilagus,floridanus,Eastern Cottontail,NA,NA,1,4,2006496_NY_Anthropogenic_NYC_23_loc01 09/13/2023
2023,2006496,NYC,NY_Anthropogenic_NYC_23_loc32 10/04/2023,7572585,2023-10-09T21:58:38Z,2023-10-09T21:58:53Z,Mammalia,Lagomorpha,Leporidae,Sylvilagus,floridanus,Eastern Cottontail,NA,NA,1,15,2006496_NY_Anthropogenic_NYC_23_loc32 10/04/2023
2023,2006496,NYC,NY_Anthropogenic_NYC_23_loc01 09/13/2023,8068900,2023-11-24T21:00:52Z,2023-11-24T21:01:48Z,Mammalia,Lagomorpha,Leporidae,Sylvilagus,floridanus,Eastern Cottontail,NA,NA,1,56,2006496_NY_Anthropogenic_NYC_23_loc01 09/13/2023
2023,2006496,NYC,NY_Anthropogenic_NYC_23_loc54 09/28/2023,7638732,2023-10-02T05:17:53Z,2023-10-02T05:17:56Z,Mammalia,Lagomorpha,Leporidae,Sylvilagus,floridanus,Eastern Cottontail,NA,NA,1,3,2006496_NY_Anthropogenic_NYC_23_loc54 09/28/2023
2023,2006496,NYC,NY_Anthropogenic_NYC_23_loc01 09/13/2023,8068101,2023-10-12T02:38:05Z,2023-10-12T02:38:07Z,Mammalia,Lagomorpha,Leporidae,Sylvilagus,floridanus,Eastern Cottontail,NA,NA,1,2,2006496_NY_Anthropogenic_NYC_23_loc01 09/13/2023
2023,2006496,NYC,NY_Anthropogenic_NYC_23_loc01 09/13/2023,8068906,2023-11-25T03:00:11Z,2023-11-25T03:00:19Z,Mammalia,Lagomorpha,Leporidae,Sylvilagus,floridanus,Eastern Cottontail,NA,NA,1,8,2006496_NY_Anthropogenic_NYC_23_loc01 09/13/2023
2023,2006496,NYC,NY_Anthropogenic_NYC_23_loc01 09/13/2023,8068968,2023-11-27T05:45:14Z,2023-11-27T05:45:17Z,Mammalia,Lagomorpha,Leporidae,Sylvilagus,floridanus,Eastern Cottontail,NA,NA,1,3,2006496_NY_Anthropogenic_NYC_23_loc01 09/13/2023
2023,2006496,NYC,NY_Anthropogenic_NYC_23_loc02 09/20/2023,8069737,2023-10-11T03:10:24Z,2023-10-11T03:10:27Z,Mammalia,Lagomorpha,Leporidae,Sylvilagus,floridanus,Eastern Cottontail,NA,NA,1,3,2006496_NY_Anthropogenic_NYC_23_loc02 09/20/2023
2023,2006496,NYC,NY_Anthropogenic_NYC_23_loc01 09/13/2023,8068989,2023-11-28T02:09:02Z,2023-11-28T02:09:28Z,Mammalia,Lagomorpha,Leporidae,Sylvilagus,floridanus,Eastern Cottontail,NA,NA,1,26,2006496_NY_Anthropogenic_NYC_23_loc01 09/13/2023
2023,2006496,NYC,NY_Anthropogenic_NYC_23_loc42 09/28/2023,7627438,2023-10-13T19:21:50Z,2023-10-13T19:22:31Z,Mammalia,Lagomorpha,Leporidae,Sylvilagus,floridanus,Eastern Cottontail,NA,NA,1,41,2006496_NY_Anthropogenic_NYC_23_loc42 09/28/2023
2023,2006496,NYC,NY_Anthropogenic_NYC_23_loc01 09/13/2023,8067393,2023-09-17T18:51:05Z,2023-09-17T18:51:07Z,Mammalia,Lagomorpha,Leporidae,Sylvilagus,floridanus,Eastern Cottontail,NA,NA,1,2,2006496_NY_Anthropogenic_NYC_23_loc01 09/13/2023
2023,2006496,NYC,NY_Anthropogenic_NYC_23_loc59 09/01/2023,7991800,2023-09-14T03:44:38Z,2023-09-14T03:44:43Z,Mammalia,Carnivora,Canidae,Canis,latrans,Coyote,NA,NA,1,5,2006496_NY_Anthropogenic_NYC_23_loc59 09/01/2023
2023,2006496,NYC,NY_Anthropogenic_NYC_23_loc02 09/20/2023,8069715,2023-10-10T07:47:24Z,2023-10-10T07:47:28Z,Mammalia,Lagomorpha,Leporidae,Sylvilagus,floridanus,Eastern Cottontail,NA,NA,1,4,2006496_NY_Anthropogenic_NYC_23_loc02 09/20/2023
2023,2006496,NYC,NY_Anthropogenic_NYC_23_loc59 09/01/2023,7991779,2023-09-05T09:00:43Z,2023-09-05T09:00:47Z,Mammalia,Carnivora,Canidae,Canis,latrans,Coyote,NA,NA,1,4,2006496_NY_Anthropogenic_NYC_23_loc59 09/01/2023
2023,2006496,NYC,NY_Anthropogenic_NYC_23_loc02 09/20/2023,8070091,2023-10-26T20:49:39Z,2023-10-26T20:49:47Z,Mammalia,Lagomorpha,Leporidae,Sylvilagus,floridanus,Eastern Cottontail,NA,NA,1,8,2006496_NY_Anthropogenic_NYC_23_loc02 09/20/2023
2023,2006496,NYC,NY_Anthropogenic_NYC_23_loc59 09/01/2023,7991771,2023-09-05T03:46:59Z,2023-09-05T03:47:03Z,Mammalia,Carnivora,Canidae,Canis,latrans,Coyote,NA,NA,1,4,2006496_NY_Anthropogenic_NYC_23_loc59 09/01/2023
2023,2006496,NYC,NY_Anthropogenic_NYC_23_loc01 09/13/2023,8068941,2023-11-25T20:15:30Z,2023-11-25T20:15:32Z,Mammalia,Lagomorpha,Leporidae,Sylvilagus,floridanus,Eastern Cottontail,NA,NA,1,2,2006496_NY_Anthropogenic_NYC_23_loc01 09/13/2023
2023,2006496,NYC,NY_Anthropogenic_NYC_23_loc42 09/28/2023,7627330,2023-10-10T23:03:04Z,2023-10-10T23:03:32Z,Mammalia,Lagomorpha,Leporidae,Sylvilagus,floridanus,Eastern Cottontail,NA,NA,1,28,2006496_NY_Anthropogenic_NYC_23_loc42 09/28/2023
2023,2006496,NYC,NY_Anthropogenic_NYC_23_loc01 09/13/2023,8068761,2023-11-19T03:17:04Z,2023-11-19T03:17:07Z,Mammalia,Lagomorpha,Leporidae,Sylvilagus,floridanus,Eastern Cottontail,NA,NA,1,3,2006496_NY_Anthropogenic_NYC_23_loc01 09/13/2023
2023,2006496,NYC,NY_Anthropogenic_NYC_23_loc32 10/04/2023,7574097,2023-10-25T06:42:34Z,2023-10-25T06:42:38Z,Mammalia,Lagomorpha,Leporidae,Sylvilagus,floridanus,Eastern Cottontail,NA,NA,1,4,2006496_NY_Anthropogenic_NYC_23_loc32 10/04/2023
2023,2006496,NYC,NY_Anthropogenic_NYC_23_loc01 09/13/2023,8069004,2023-11-28T05:55:51Z,2023-11-28T05:57:18Z,Mammalia,Lagomorpha,Leporidae,Sylvilagus,floridanus,Eastern Cottontail,NA,NA,1,87,2006496_NY_Anthropogenic_NYC_23_loc01 09/13/2023
2023,2006496,NYC,NY_Anthropogenic_NYC_23_loc01 09/13/2023,8068950,2023-11-26T04:46:48Z,2023-11-26T04:46:53Z,Mammalia,Lagomorpha,Leporidae,Sylvilagus,floridanus,Eastern Cottontail,NA,NA,1,5,2006496_NY_Anthropogenic_NYC_23_loc01 09/13/2023
2023,2006496,NYC,NY_Anthropogenic_NYC_23_loc01 09/13/2023,8068915,2023-11-25T06:26:09Z,2023-11-25T06:27:05Z,Mammalia,Lagomorpha,Leporidae,Sylvilagus,floridanus,Eastern Cottontail,NA,NA,1,56,2006496_NY_Anthropogenic_NYC_23_loc01 09/13/2023
2023,2006496,NYC,NY_Anthropogenic_NYC_23_loc01 09/13/2023,8068766,2023-11-19T03:45:12Z,2023-11-19T03:45:15Z,Mammalia,Lagomorpha,Leporidae,Sylvilagus,floridanus,Eastern Cottontail,NA,NA,1,3,2006496_NY_Anthropogenic_NYC_23_loc01 09/13/2023
2023,2006496,NYC,NY_Anthropogenic_NYC_23_loc56 09/22/2023,7644422,2023-09-30T01:04:11Z,2023-09-30T01:04:16Z,Mammalia,Carnivora,Canidae,Canis,latrans,Coyote,NA,NA,1,5,2006496_NY_Anthropogenic_NYC_23_loc56 09/22/2023
2023,2006496,NYC,NY_Anthropogenic_NYC_23_loc49 09/28/2023,7630200,2023-10-06T22:06:23Z,2023-10-06T22:07:10Z,Mammalia,Lagomorpha,Leporidae,Sylvilagus,floridanus,Eastern Cottontail,NA,NA,1,47,2006496_NY_Anthropogenic_NYC_23_loc49 09/28/2023
2023,2006496,NYC,NY_Anthropogenic_NYC_23_loc01 09/13/2023,8068991,2023-11-28T04:33:42Z,2023-11-28T04:34:06Z,Mammalia,Lagomorpha,Leporidae,Sylvilagus,floridanus,Eastern Cottontail,NA,NA,1,24,2006496_NY_Anthropogenic_NYC_23_loc01 09/13/2023
2023,2006496,NYC,NY_Anthropogenic_NYC_23_loc59 09/01/2023,7991907,2023-10-02T05:45:36Z,2023-10-02T05:45:40Z,Mammalia,Carnivora,Canidae,Canis,latrans,Coyote,NA,NA,1,4,2006496_NY_Anthropogenic_NYC_23_loc59 09/01/2023
2023,2006496,NYC,NY_Anthropogenic_NYC_23_loc49 09/28/2023,7635242,2023-10-25T21:32:34Z,2023-10-25T21:32:37Z,Mammalia,Lagomorpha,Leporidae,Sylvilagus,floridanus,Eastern Cottontail,NA,NA,1,3,2006496_NY_Anthropogenic_NYC_23_loc49 09/28/2023
2023,2006496,NYC,NY_Anthropogenic_NYC_23_loc01 09/13/2023,8068965,2023-11-27T04:34:28Z,2023-11-27T04:35:08Z,Mammalia,Lagomorpha,Leporidae,Sylvilagus,floridanus,Eastern Cottontail,NA,NA,1,40,2006496_NY_Anthropogenic_NYC_23_loc01 09/13/2023
2023,2006496,NYC,NY_Anthropogenic_NYC_23_loc01 09/13/2023,8068742,2023-11-17T23:48:46Z,2023-11-17T23:48:55Z,Mammalia,Lagomorpha,Leporidae,Sylvilagus,floridanus,Eastern Cottontail,NA,NA,1,9,2006496_NY_Anthropogenic_NYC_23_loc01 09/13/2023
2023,2006496,NYC,NY_Anthropogenic_NYC_23_loc01 09/13/2023,8068674,2023-11-14T06:02:37Z,2023-11-14T06:03:39Z,Mammalia,Lagomorpha,Leporidae,Sylvilagus,floridanus,Eastern Cottontail,NA,NA,1,62,2006496_NY_Anthropogenic_NYC_23_loc01 09/13/2023
2023,2006496,NYC,NY_Anthropogenic_NYC_23_loc01 09/13/2023,8068660,2023-11-12T16:48:27Z,2023-11-12T16:48:53Z,Mammalia,Lagomorpha,Leporidae,Sylvilagus,floridanus,Eastern Cottontail,NA,NA,1,26,2006496_NY_Anthropogenic_NYC_23_loc01 09/13/2023
2023,2006496,NYC,NY_Anthropogenic_NYC_23_loc01 09/13/2023,8068581,2023-11-09T00:24:20Z,2023-11-09T00:24:38Z,Mammalia,Lagomorpha,Leporidae,Sylvilagus,floridanus,Eastern Cottontail,NA,NA,1,18,2006496_NY_Anthropogenic_NYC_23_loc01 09/13/2023
2023,2006496,NYC,NY_Anthropogenic_NYC_23_loc42 09/28/2023,7627387,2023-10-12T02:53:49Z,2023-10-12T02:53:52Z,Mammalia,Lagomorpha,Leporidae,Sylvilagus,floridanus,Eastern Cottontail,NA,NA,1,3,2006496_NY_Anthropogenic_NYC_23_loc42 09/28/2023
2023,2006496,NYC,NY_Anthropogenic_NYC_23_loc01 09/13/2023,8068722,2023-11-16T14:09:31Z,2023-11-16T14:09:35Z,Mammalia,Carnivora,Canidae,Canis,latrans,Coyote,NA,NA,1,4,2006496_NY_Anthropogenic_NYC_23_loc01 09/13/2023
2023,2006496,NYC,NY_Anthropogenic_NYC_23_loc01 09/13/2023,8068820,2023-11-22T20:18:14Z,2023-11-22T20:18:16Z,Mammalia,Lagomorpha,Leporidae,Sylvilagus,floridanus,Eastern Cottontail,NA,NA,1,2,2006496_NY_Anthropogenic_NYC_23_loc01 09/13/2023
2023,2006496,NYC,NY_Anthropogenic_NYC_23_loc42 09/28/2023,7627346,2023-10-10T23:26:43Z,2023-10-10T23:26:46Z,Mammalia,Lagomorpha,Leporidae,Sylvilagus,floridanus,Eastern Cottontail,NA,NA,1,3,2006496_NY_Anthropogenic_NYC_23_loc42 09/28/2023
2023,2006496,NYC,NY_Anthropogenic_NYC_23_loc12 10/05/2023,7389745,2023-10-15T08:43:19Z,2023-10-15T08:43:23Z,Mammalia,Carnivora,Canidae,Canis,latrans,Coyote,NA,NA,1,4,2006496_NY_Anthropogenic_NYC_23_loc12 10/05/2023
2023,2006496,NYC,NY_Anthropogenic_NYC_23_loc01 09/13/2023,8068890,2023-11-24T06:11:16Z,2023-11-24T06:11:19Z,Mammalia,Lagomorpha,Leporidae,Sylvilagus,floridanus,Eastern Cottontail,NA,NA,1,3,2006496_NY_Anthropogenic_NYC_23_loc01 09/13/2023
2023,2006496,NYC,NY_Anthropogenic_NYC_23_loc01 09/13/2023,8068643,2023-11-11T14:24:35Z,2023-11-11T14:24:39Z,Mammalia,Carnivora,Canidae,Canis,latrans,Coyote,NA,NA,1,4,2006496_NY_Anthropogenic_NYC_23_loc01 09/13/2023
2023,2006496,NYC,NY_Anthropogenic_NYC_23_loc59 09/01/2023,7991817,2023-09-20T17:26:33Z,2023-09-20T17:26:33Z,Mammalia,Carnivora,Canidae,Canis,latrans,Coyote,NA,NA,1,0,2006496_NY_Anthropogenic_NYC_23_loc59 09/01/2023
2023,2006496,NYC,NY_Anthropogenic_NYC_23_loc53 10/05/2023,7637930,2023-10-13T00:21:44Z,2023-10-13T00:21:48Z,Mammalia,Lagomorpha,Leporidae,Sylvilagus,floridanus,Eastern Cottontail,NA,NA,1,4,2006496_NY_Anthropogenic_NYC_23_loc53 10/05/2023
2023,2006496,NYC,NY_Anthropogenic_NYC_23_loc02 09/20/2023,8069797,2023-10-13T04:42:02Z,2023-10-13T04:42:38Z,Mammalia,Lagomorpha,Leporidae,Sylvilagus,floridanus,Eastern Cottontail,NA,NA,1,36,2006496_NY_Anthropogenic_NYC_23_loc02 09/20/2023
2023,2006496,NYC,NY_Anthropogenic_NYC_23_loc01 09/13/2023,8068947,2023-11-25T20:54:26Z,2023-11-25T20:54:29Z,Mammalia,Lagomorpha,Leporidae,Sylvilagus,floridanus,Eastern Cottontail,NA,NA,1,3,2006496_NY_Anthropogenic_NYC_23_loc01 09/13/2023
2023,2006496,NYC,NY_Anthropogenic_NYC_23_loc02 09/20/2023,8070021,2023-10-23T16:15:27Z,2023-10-23T16:15:30Z,Mammalia,Lagomorpha,Leporidae,Sylvilagus,floridanus,Eastern Cottontail,NA,NA,1,3,2006496_NY_Anthropogenic_NYC_23_loc02 09/20/2023
2023,2006496,NYC,NY_Anthropogenic_NYC_23_loc01 09/13/2023,8068764,2023-11-19T03:27:05Z,2023-11-19T03:27:07Z,Mammalia,Lagomorpha,Leporidae,Sylvilagus,floridanus,Eastern Cottontail,NA,NA,2,2,2006496_NY_Anthropogenic_NYC_23_loc01 09/13/2023
2023,2006496,NYC,NY_Anthropogenic_NYC_23_loc01 09/13/2023,8068360,2023-10-26T16:34:14Z,2023-10-26T16:34:28Z,Mammalia,Carnivora,Canidae,Canis,latrans,Coyote,NA,NA,1,14,2006496_NY_Anthropogenic_NYC_23_loc01 09/13/2023
2023,2006496,NYC,NY_Anthropogenic_NYC_23_loc02 09/20/2023,8069828,2023-10-13T17:27:01Z,2023-10-13T17:27:09Z,Mammalia,Lagomorpha,Leporidae,Sylvilagus,floridanus,Eastern Cottontail,NA,NA,1,8,2006496_NY_Anthropogenic_NYC_23_loc02 09/20/2023
2023,2006496,NYC,NY_Anthropogenic_NYC_23_loc02 09/20/2023,8069826,2023-10-13T17:23:24Z,2023-10-13T17:24:26Z,Mammalia,Lagomorpha,Leporidae,Sylvilagus,floridanus,Eastern Cottontail,NA,NA,1,62,2006496_NY_Anthropogenic_NYC_23_loc02 09/20/2023
2023,2006496,NYC,NY_Anthropogenic_NYC_23_loc01 09/13/2023,8068340,2023-10-25T19:07:23Z,2023-10-25T19:07:47Z,Mammalia,Lagomorpha,Leporidae,Sylvilagus,floridanus,Eastern Cottontail,NA,NA,1,24,2006496_NY_Anthropogenic_NYC_23_loc01 09/13/2023
2023,2006496,NYC,NY_Anthropogenic_NYC_23_loc42 09/28/2023,7627671,2023-10-17T05:10:05Z,2023-10-17T05:10:08Z,Mammalia,Lagomorpha,Leporidae,Sylvilagus,floridanus,Eastern Cottontail,NA,NA,1,3,2006496_NY_Anthropogenic_NYC_23_loc42 09/28/2023
2023,2006496,NYC,NY_Anthropogenic_NYC_23_loc13 10/05/2023,7390592,2023-10-08T02:34:40Z,2023-10-08T02:34:44Z,Mammalia,Carnivora,Canidae,Canis,latrans,Coyote,NA,NA,1,4,2006496_NY_Anthropogenic_NYC_23_loc13 10/05/2023
2023,2006496,NYC,NY_Anthropogenic_NYC_23_loc01 09/13/2023,8068648,2023-11-12T09:49:37Z,2023-11-12T09:49:41Z,Mammalia,Carnivora,Canidae,Canis,latrans,Coyote,NA,NA,1,4,2006496_NY_Anthropogenic_NYC_23_loc01 09/13/2023
2023,2006496,NYC,NY_Anthropogenic_NYC_23_loc01 09/13/2023,8068932,2023-11-25T16:47:09Z,2023-11-25T16:47:22Z,Mammalia,Lagomorpha,Leporidae,Sylvilagus,floridanus,Eastern Cottontail,NA,NA,1,13,2006496_NY_Anthropogenic_NYC_23_loc01 09/13/2023
2023,2006496,NYC,NY_Anthropogenic_NYC_23_loc59 09/01/2023,7991811,2023-09-19T21:39:50Z,2023-09-19T21:39:55Z,Mammalia,Carnivora,Canidae,Canis,latrans,Coyote,NA,NA,1,5,2006496_NY_Anthropogenic_NYC_23_loc59 09/01/2023
2023,2006496,NYC,NY_Anthropogenic_NYC_23_loc01 09/13/2023,8068877,2023-11-23T18:51:24Z,2023-11-23T18:51:27Z,Mammalia,Lagomorpha,Leporidae,Sylvilagus,floridanus,Eastern Cottontail,NA,NA,1,3,2006496_NY_Anthropogenic_NYC_23_loc01 09/13/2023
2023,2006496,NYC,NY_Anthropogenic_NYC_23_loc01 09/13/2023,8068961,2023-11-26T17:55:33Z,2023-11-26T17:55:36Z,Mammalia,Lagomorpha,Leporidae,Sylvilagus,floridanus,Eastern Cottontail,NA,NA,1,3,2006496_NY_Anthropogenic_NYC_23_loc01 09/13/2023
2023,2006496,NYC,NY_Anthropogenic_NYC_23_loc01 09/13/2023,8069005,2023-11-28T06:13:25Z,2023-11-28T06:13:35Z,Mammalia,Lagomorpha,Leporidae,Sylvilagus,floridanus,Eastern Cottontail,NA,NA,2,10,2006496_NY_Anthropogenic_NYC_23_loc01 09/13/2023
2023,2006496,NYC,NY_Anthropogenic_NYC_23_loc01 09/13/2023,8068939,2023-11-25T20:04:13Z,2023-11-25T20:04:20Z,Mammalia,Lagomorpha,Leporidae,Sylvilagus,floridanus,Eastern Cottontail,NA,NA,1,7,2006496_NY_Anthropogenic_NYC_23_loc01 09/13/2023
2023,2006496,NYC,NY_Anthropogenic_NYC_23_loc01 09/13/2023,8068747,2023-11-18T03:20:19Z,2023-11-18T03:20:22Z,Mammalia,Lagomorpha,Leporidae,Sylvilagus,floridanus,Eastern Cottontail,NA,NA,1,3,2006496_NY_Anthropogenic_NYC_23_loc01 09/13/2023
2023,2006496,NYC,NY_Anthropogenic_NYC_23_loc02 09/20/2023,8069519,2023-10-02T18:17:21Z,2023-10-02T18:17:29Z,Mammalia,Lagomorpha,Leporidae,Sylvilagus,floridanus,Eastern Cottontail,NA,NA,1,8,2006496_NY_Anthropogenic_NYC_23_loc02 09/20/2023
2023,2006496,NYC,NY_Anthropogenic_NYC_23_loc01 09/13/2023,8068911,2023-11-25T04:32:39Z,2023-11-25T04:33:29Z,Mammalia,Lagomorpha,Leporidae,Sylvilagus,floridanus,Eastern Cottontail,NA,NA,2,50,2006496_NY_Anthropogenic_NYC_23_loc01 09/13/2023
2023,2006496,NYC,NY_Anthropogenic_NYC_23_loc59 09/01/2023,7991776,2023-09-05T04:17:21Z,2023-09-05T04:17:25Z,Mammalia,Carnivora,Canidae,Canis,latrans,Coyote,NA,NA,1,4,2006496_NY_Anthropogenic_NYC_23_loc59 09/01/2023
2023,2006496,NYC,NY_Anthropogenic_NYC_23_loc49 09/28/2023,7635131,2023-10-23T17:41:44Z,2023-10-23T17:41:48Z,Mammalia,Carnivora,Canidae,Canis,latrans,Coyote,NA,NA,1,4,2006496_NY_Anthropogenic_NYC_23_loc49 09/28/2023
2023,2006496,NYC,NY_Anthropogenic_NYC_23_loc01 09/13/2023,8068942,2023-11-25T20:19:23Z,2023-11-25T20:20:05Z,Mammalia,Lagomorpha,Leporidae,Sylvilagus,floridanus,Eastern Cottontail,NA,NA,1,42,2006496_NY_Anthropogenic_NYC_23_loc01 09/13/2023
2023,2006496,NYC,NY_Anthropogenic_NYC_23_loc02 09/20/2023,8070125,2023-10-29T05:03:25Z,2023-10-29T05:04:22Z,Mammalia,Lagomorpha,Leporidae,Sylvilagus,floridanus,Eastern Cottontail,NA,NA,1,57,2006496_NY_Anthropogenic_NYC_23_loc02 09/20/2023
2023,2006496,NYC,NY_Anthropogenic_NYC_23_loc01 09/13/2023,8068819,2023-11-23T00:06:58Z,2023-11-23T00:07:45Z,Mammalia,Lagomorpha,Leporidae,Sylvilagus,floridanus,Eastern Cottontail,NA,NA,2,47,2006496_NY_Anthropogenic_NYC_23_loc01 09/13/2023
2023,2006496,NYC,NY_Anthropogenic_NYC_23_loc01 09/13/2023,8068242,2023-10-19T15:34:53Z,2023-10-19T15:35:01Z,Mammalia,Lagomorpha,Leporidae,Sylvilagus,floridanus,Eastern Cottontail,NA,NA,1,8,2006496_NY_Anthropogenic_NYC_23_loc01 09/13/2023
2023,2006496,NYC,NY_Anthropogenic_NYC_23_loc01 09/13/2023,8067599,2023-09-21T15:15:51Z,2023-09-21T15:15:54Z,Mammalia,Carnivora,Canidae,Canis,latrans,Coyote,NA,NA,1,3,2006496_NY_Anthropogenic_NYC_23_loc01 09/13/2023
2023,2006496,NYC,NY_Anthropogenic_NYC_23_loc01 09/13/2023,8068903,2023-11-25T00:08:55Z,2023-11-25T00:09:27Z,Mammalia,Lagomorpha,Leporidae,Sylvilagus,floridanus,Eastern Cottontail,NA,NA,1,32,2006496_NY_Anthropogenic_NYC_23_loc01 09/13/2023
2023,2006496,NYC,NY_Anthropogenic_NYC_23_loc02 09/20/2023,8069570,2023-10-04T16:59:09Z,2023-10-04T16:59:20Z,Mammalia,Lagomorpha,Leporidae,Sylvilagus,floridanus,Eastern Cottontail,NA,NA,1,11,2006496_NY_Anthropogenic_NYC_23_loc02 09/20/2023
2023,2006496,NYC,NY_Anthropogenic_NYC_23_loc59 09/01/2023,7991795,2023-09-12T20:11:12Z,2023-09-12T20:11:16Z,Mammalia,Carnivora,Canidae,Canis,latrans,Coyote,NA,NA,1,4,2006496_NY_Anthropogenic_NYC_23_loc59 09/01/2023
2023,2006496,NYC,NY_Anthropogenic_NYC_23_loc12 10/05/2023,7390426,2023-10-31T18:18:19Z,2023-10-31T18:18:23Z,Mammalia,Carnivora,Canidae,Canis,latrans,Coyote,NA,NA,1,4,2006496_NY_Anthropogenic_NYC_23_loc12 10/05/2023
2023,2006496,NYC,NY_Anthropogenic_NYC_23_loc02 09/20/2023,8069517,2023-10-02T18:09:02Z,2023-10-02T18:09:12Z,Mammalia,Lagomorpha,Leporidae,Sylvilagus,floridanus,Eastern Cottontail,NA,NA,1,10,2006496_NY_Anthropogenic_NYC_23_loc02 09/20/2023
2023,2006496,NYC,NY_Anthropogenic_NYC_23_loc02 09/20/2023,8069832,2023-10-14T02:38:32Z,2023-10-14T02:38:41Z,Mammalia,Lagomorpha,Leporidae,Sylvilagus,floridanus,Eastern Cottontail,NA,NA,1,9,2006496_NY_Anthropogenic_NYC_23_loc02 09/20/2023
2023,2006496,NYC,NY_Anthropogenic_NYC_23_loc01 09/13/2023,8068580,2023-11-08T23:37:13Z,2023-11-08T23:37:21Z,Mammalia,Lagomorpha,Leporidae,Sylvilagus,floridanus,Eastern Cottontail,NA,NA,1,8,2006496_NY_Anthropogenic_NYC_23_loc01 09/13/2023
2023,2006496,NYC,NY_Anthropogenic_NYC_23_loc02 09/20/2023,8070155,2023-11-02T04:52:46Z,2023-11-02T04:53:21Z,Mammalia,Lagomorpha,Leporidae,Sylvilagus,floridanus,Eastern Cottontail,NA,NA,1,35,2006496_NY_Anthropogenic_NYC_23_loc02 09/20/2023
2023,2006496,NYC,NY_Anthropogenic_NYC_23_loc01 09/13/2023,8068940,2023-11-25T20:11:27Z,2023-11-25T20:11:49Z,Mammalia,Lagomorpha,Leporidae,Sylvilagus,floridanus,Eastern Cottontail,NA,NA,2,22,2006496_NY_Anthropogenic_NYC_23_loc01 09/13/2023
2023,2006496,NYC,NY_Anthropogenic_NYC_23_loc01 09/13/2023,8068148,2023-10-14T03:48:02Z,2023-10-14T03:48:20Z,Mammalia,Lagomorpha,Leporidae,Sylvilagus,floridanus,Eastern Cottontail,NA,NA,1,18,2006496_NY_Anthropogenic_NYC_23_loc01 09/13/2023
2023,2006496,NYC,NY_Anthropogenic_NYC_23_loc01 09/13/2023,8068901,2023-11-24T22:52:28Z,2023-11-24T22:53:10Z,Mammalia,Lagomorpha,Leporidae,Sylvilagus,floridanus,Eastern Cottontail,NA,NA,1,42,2006496_NY_Anthropogenic_NYC_23_loc01 09/13/2023
2023,2006496,NYC,NY_Anthropogenic_NYC_23_loc49 09/28/2023,7635276,2023-10-26T18:26:23Z,2023-10-26T18:26:26Z,Mammalia,Lagomorpha,Leporidae,Sylvilagus,floridanus,Eastern Cottontail,NA,NA,1,3,2006496_NY_Anthropogenic_NYC_23_loc49 09/28/2023
2023,2006496,NYC,NY_Anthropogenic_NYC_23_loc02 09/20/2023,8069578,2023-10-05T05:30:32Z,2023-10-05T05:30:40Z,Mammalia,Lagomorpha,Leporidae,Sylvilagus,floridanus,Eastern Cottontail,NA,NA,1,8,2006496_NY_Anthropogenic_NYC_23_loc02 09/20/2023
2023,2006496,NYC,NY_Anthropogenic_NYC_23_loc42 09/28/2023,7627392,2023-10-12T03:39:32Z,2023-10-12T03:39:35Z,Mammalia,Lagomorpha,Leporidae,Sylvilagus,floridanus,Eastern Cottontail,NA,NA,1,3,2006496_NY_Anthropogenic_NYC_23_loc42 09/28/2023
2023,2006496,NYC,NY_Anthropogenic_NYC_23_loc01 09/13/2023,8068887,2023-11-24T05:07:02Z,2023-11-24T05:08:54Z,Mammalia,Lagomorpha,Leporidae,Sylvilagus,floridanus,Eastern Cottontail,NA,NA,1,112,2006496_NY_Anthropogenic_NYC_23_loc01 09/13/2023
2023,2006496,NYC,NY_Anthropogenic_NYC_23_loc02 09/20/2023,8069888,2023-10-15T23:47:19Z,2023-10-15T23:47:22Z,Mammalia,Lagomorpha,Leporidae,Sylvilagus,floridanus,Eastern Cottontail,NA,NA,1,3,2006496_NY_Anthropogenic_NYC_23_loc02 09/20/2023
2023,2006496,NYC,NY_Anthropogenic_NYC_23_loc42 09/28/2023,7627331,2023-10-10T23:01:56Z,2023-10-10T23:01:59Z,Mammalia,Lagomorpha,Leporidae,Sylvilagus,floridanus,Eastern Cottontail,NA,NA,1,3,2006496_NY_Anthropogenic_NYC_23_loc42 09/28/2023
2023,2006496,NYC,NY_Anthropogenic_NYC_23_loc59 09/01/2023,7991798,2023-09-13T04:12:24Z,2023-09-13T04:12:28Z,Mammalia,Carnivora,Canidae,Canis,latrans,Coyote,NA,NA,1,4,2006496_NY_Anthropogenic_NYC_23_loc59 09/01/2023
2023,2006496,NYC,NY_Anthropogenic_NYC_23_loc01 09/13/2023,8068759,2023-11-19T02:29:36Z,2023-11-19T02:29:39Z,Mammalia,Lagomorpha,Leporidae,Sylvilagus,floridanus,Eastern Cottontail,NA,NA,1,3,2006496_NY_Anthropogenic_NYC_23_loc01 09/13/2023
2023,2006496,NYC,NY_Anthropogenic_NYC_23_loc02 09/20/2023,8070288,2023-11-25T23:54:52Z,2023-11-25T23:54:55Z,Mammalia,Lagomorpha,Leporidae,Sylvilagus,floridanus,Eastern Cottontail,NA,NA,1,3,2006496_NY_Anthropogenic_NYC_23_loc02 09/20/2023
2023,2006496,NYC,NY_Anthropogenic_NYC_23_loc01 09/13/2023,8068577,2023-11-08T15:26:50Z,2023-11-08T15:26:54Z,Mammalia,Carnivora,Canidae,Canis,latrans,Coyote,NA,NA,1,4,2006496_NY_Anthropogenic_NYC_23_loc01 09/13/2023
2023,2006496,NYC,NY_Anthropogenic_NYC_23_loc59 09/01/2023,7991799,2023-09-13T19:50:41Z,2023-09-13T19:50:45Z,Mammalia,Carnivora,Canidae,Canis,latrans,Coyote,NA,NA,1,4,2006496_NY_Anthropogenic_NYC_23_loc59 09/01/2023
2023,2006496,NYC,NY_Anthropogenic_NYC_23_loc53 10/05/2023,7637945,2023-10-13T00:36:59Z,2023-10-13T00:37:03Z,Mammalia,Lagomorpha,Leporidae,Sylvilagus,floridanus,Eastern Cottontail,NA,NA,1,4,2006496_NY_Anthropogenic_NYC_23_loc53 10/05/2023
2023,2006496,NYC,NY_Anthropogenic_NYC_23_loc02 09/20/2023,8069130,2023-09-21T05:06:04Z,2023-09-21T05:06:07Z,Mammalia,Lagomorpha,Leporidae,Sylvilagus,floridanus,Eastern Cottontail,NA,NA,1,3,2006496_NY_Anthropogenic_NYC_23_loc02 09/20/2023
2023,2006496,NYC,NY_Anthropogenic_NYC_23_loc01 09/13/2023,8069000,2023-11-28T05:27:54Z,2023-11-28T05:28:02Z,Mammalia,Lagomorpha,Leporidae,Sylvilagus,floridanus,Eastern Cottontail,NA,NA,1,8,2006496_NY_Anthropogenic_NYC_23_loc01 09/13/2023
2023,2006496,NYC,NY_Anthropogenic_NYC_23_loc02 09/20/2023,8069911,2023-10-17T04:17:44Z,2023-10-17T04:17:46Z,Mammalia,Lagomorpha,Leporidae,Sylvilagus,floridanus,Eastern Cottontail,NA,NA,1,2,2006496_NY_Anthropogenic_NYC_23_loc02 09/20/2023
2023,2006496,NYC,NY_Anthropogenic_NYC_23_loc01 09/13/2023,8068938,2023-11-25T18:22:32Z,2023-11-25T18:23:15Z,Mammalia,Lagomorpha,Leporidae,Sylvilagus,floridanus,Eastern Cottontail,NA,NA,1,43,2006496_NY_Anthropogenic_NYC_23_loc01 09/13/2023
2023,2006496,NYC,NY_Anthropogenic_NYC_23_loc59 09/01/2023,7991902,2023-10-01T19:35:35Z,2023-10-01T19:35:39Z,Mammalia,Carnivora,Canidae,Canis,latrans,Coyote,NA,NA,1,4,2006496_NY_Anthropogenic_NYC_23_loc59 09/01/2023
2023,2006496,NYC,NY_Anthropogenic_NYC_23_loc58 09/22/2023,7652956,2023-09-26T18:06:32Z,2023-09-26T18:06:35Z,Mammalia,Lagomorpha,Leporidae,Sylvilagus,floridanus,Eastern Cottontail,NA,NA,1,3,2006496_NY_Anthropogenic_NYC_23_loc58 09/22/2023
2023,2006496,NYC,NY_Anthropogenic_NYC_23_loc02 09/20/2023,8069706,2023-10-09T20:28:16Z,2023-10-09T20:28:24Z,Mammalia,Lagomorpha,Leporidae,Sylvilagus,floridanus,Eastern Cottontail,NA,NA,1,8,2006496_NY_Anthropogenic_NYC_23_loc02 09/20/2023
2023,2006496,NYC,NY_Anthropogenic_NYC_23_loc31 10/04/2023,7571660,2023-10-10T19:00:57Z,2023-10-10T19:01:24Z,Mammalia,Lagomorpha,Leporidae,Sylvilagus,floridanus,Eastern Cottontail,NA,NA,1,27,2006496_NY_Anthropogenic_NYC_23_loc31 10/04/2023
2023,2006496,NYC,NY_Anthropogenic_NYC_23_loc01 09/13/2023,8068654,2023-11-12T11:40:13Z,2023-11-12T11:40:17Z,Mammalia,Carnivora,Canidae,Canis,latrans,Coyote,NA,NA,1,4,2006496_NY_Anthropogenic_NYC_23_loc01 09/13/2023
2023,2006496,NYC,NY_Anthropogenic_NYC_23_loc59 09/01/2023,7991947,2023-10-10T19:16:49Z,2023-10-10T19:16:53Z,Mammalia,Carnivora,Canidae,Canis,latrans,Coyote,NA,NA,1,4,2006496_NY_Anthropogenic_NYC_23_loc59 09/01/2023
2023,2006496,NYC,NY_Anthropogenic_NYC_23_loc12 10/05/2023,7389741,2023-10-15T08:02:22Z,2023-10-15T08:02:25Z,Mammalia,Carnivora,Canidae,Canis,latrans,Coyote,NA,NA,1,3,2006496_NY_Anthropogenic_NYC_23_loc12 10/05/2023
2023,2006496,NYC,NY_Anthropogenic_NYC_23_loc01 09/13/2023,8068179,2023-10-16T18:21:28Z,2023-10-16T18:21:31Z,Mammalia,Lagomorpha,Leporidae,Sylvilagus,floridanus,Eastern Cottontail,NA,NA,1,3,2006496_NY_Anthropogenic_NYC_23_loc01 09/13/2023
2023,2006496,NYC,NY_Anthropogenic_NYC_23_loc59 09/01/2023,7991804,2023-09-15T01:18:13Z,2023-09-15T01:18:17Z,Mammalia,Carnivora,Canidae,Canis,latrans,Coyote,NA,NA,1,4,2006496_NY_Anthropogenic_NYC_23_loc59 09/01/2023
2023,2006496,NYC,NY_Anthropogenic_NYC_23_loc01 09/13/2023,8068444,2023-11-01T11:43:41Z,2023-11-01T11:43:44Z,Mammalia,Carnivora,Canidae,Canis,latrans,Coyote,NA,NA,1,3,2006496_NY_Anthropogenic_NYC_23_loc01 09/13/2023
2023,2006496,NYC,NY_Anthropogenic_NYC_23_loc01 09/13/2023,8068539,2023-11-06T10:30:39Z,2023-11-06T10:30:48Z,Mammalia,Carnivora,Canidae,Canis,latrans,Coyote,NA,NA,1,9,2006496_NY_Anthropogenic_NYC_23_loc01 09/13/2023
2023,2006496,NYC,NY_Anthropogenic_NYC_23_loc01 09/13/2023,8068910,2023-11-25T04:24:16Z,2023-11-25T04:24:18Z,Mammalia,Lagomorpha,Leporidae,Sylvilagus,floridanus,Eastern Cottontail,NA,NA,1,2,2006496_NY_Anthropogenic_NYC_23_loc01 09/13/2023
2023,2006496,NYC,NY_Anthropogenic_NYC_23_loc42 09/28/2023,7627345,2023-10-10T23:07:01Z,2023-10-10T23:07:04Z,Mammalia,Lagomorpha,Leporidae,Sylvilagus,floridanus,Eastern Cottontail,NA,NA,1,3,2006496_NY_Anthropogenic_NYC_23_loc42 09/28/2023
2023,2006496,NYC,NY_Anthropogenic_NYC_23_loc42 09/28/2023,7627171,2023-10-08T17:54:16Z,2023-10-08T17:54:19Z,Mammalia,Lagomorpha,Leporidae,Sylvilagus,floridanus,Eastern Cottontail,NA,NA,1,3,2006496_NY_Anthropogenic_NYC_23_loc42 09/28/2023
2023,2006496,NYC,NY_Anthropogenic_NYC_23_loc02 09/20/2023,8069887,2023-10-15T20:59:25Z,2023-10-15T20:59:28Z,Mammalia,Lagomorpha,Leporidae,Sylvilagus,floridanus,Eastern Cottontail,NA,NA,1,3,2006496_NY_Anthropogenic_NYC_23_loc02 09/20/2023
2023,2006496,NYC,NY_Anthropogenic_NYC_23_loc01 09/13/2023,8068963,2023-11-27T04:28:30Z,2023-11-27T04:28:33Z,Mammalia,Lagomorpha,Leporidae,Sylvilagus,floridanus,Eastern Cottontail,NA,NA,1,3,2006496_NY_Anthropogenic_NYC_23_loc01 09/13/2023
2023,2006496,NYC,NY_Anthropogenic_NYC_23_loc49 09/28/2023,7632962,2023-10-14T22:45:03Z,2023-10-14T22:45:11Z,Mammalia,Carnivora,Canidae,Canis,latrans,Coyote,NA,NA,1,8,2006496_NY_Anthropogenic_NYC_23_loc49 09/28/2023
2023,2006496,NYC,NY_Anthropogenic_NYC_23_loc01 09/13/2023,8068704,2023-11-16T06:13:39Z,2023-11-16T06:13:47Z,Mammalia,Lagomorpha,Leporidae,Sylvilagus,floridanus,Eastern Cottontail,NA,NA,1,8,2006496_NY_Anthropogenic_NYC_23_loc01 09/13/2023
2023,2006496,NYC,NY_Anthropogenic_NYC_23_loc02 09/20/2023,8070074,2023-10-26T06:04:59Z,2023-10-26T06:05:02Z,Mammalia,Lagomorpha,Leporidae,Sylvilagus,floridanus,Eastern Cottontail,NA,NA,1,3,2006496_NY_Anthropogenic_NYC_23_loc02 09/20/2023
2023,2006496,NYC,NY_Anthropogenic_NYC_23_loc01 09/13/2023,8068794,2023-11-20T17:36:59Z,2023-11-20T17:37:51Z,Mammalia,Lagomorpha,Leporidae,Sylvilagus,floridanus,Eastern Cottontail,NA,NA,1,52,2006496_NY_Anthropogenic_NYC_23_loc01 09/13/2023
2023,2006496,NYC,NY_Anthropogenic_NYC_23_loc01 09/13/2023,8068935,2023-11-25T18:09:46Z,2023-11-25T18:09:48Z,Mammalia,Lagomorpha,Leporidae,Sylvilagus,floridanus,Eastern Cottontail,NA,NA,1,2,2006496_NY_Anthropogenic_NYC_23_loc01 09/13/2023
2023,2006496,NYC,NY_Anthropogenic_NYC_23_loc02 09/20/2023,8069472,2023-10-01T21:48:50Z,2023-10-01T21:49:24Z,Mammalia,Lagomorpha,Leporidae,Sylvilagus,floridanus,Eastern Cottontail,NA,NA,1,34,2006496_NY_Anthropogenic_NYC_23_loc02 09/20/2023
2023,2006496,NYC,NY_Anthropogenic_NYC_23_loc12 10/05/2023,7390211,2023-10-25T03:12:46Z,2023-10-25T03:12:50Z,Mammalia,Carnivora,Canidae,Canis,latrans,Coyote,NA,NA,1,4,2006496_NY_Anthropogenic_NYC_23_loc12 10/05/2023
2023,2006496,NYC,NY_Anthropogenic_NYC_23_loc01 09/13/2023,8068908,2023-11-25T03:04:38Z,2023-11-25T03:04:41Z,Mammalia,Lagomorpha,Leporidae,Sylvilagus,floridanus,Eastern Cottontail,NA,NA,1,3,2006496_NY_Anthropogenic_NYC_23_loc01 09/13/2023
2023,2006496,NYC,NY_Anthropogenic_NYC_23_loc01 09/13/2023,8068891,2023-11-24T06:13:29Z,2023-11-24T06:13:31Z,Mammalia,Lagomorpha,Leporidae,Sylvilagus,floridanus,Eastern Cottontail,NA,NA,2,2,2006496_NY_Anthropogenic_NYC_23_loc01 09/13/2023
2023,2006496,NYC,NY_Anthropogenic_NYC_23_loc01 09/13/2023,8068319,2023-10-25T00:29:27Z,2023-10-25T00:29:29Z,Mammalia,Lagomorpha,Leporidae,Sylvilagus,floridanus,Eastern Cottontail,NA,NA,1,2,2006496_NY_Anthropogenic_NYC_23_loc01 09/13/2023
2023,2006496,NYC,NY_Anthropogenic_NYC_23_loc01 09/13/2023,8069001,2023-11-28T05:38:47Z,2023-11-28T05:38:50Z,Mammalia,Lagomorpha,Leporidae,Sylvilagus,floridanus,Eastern Cottontail,NA,NA,1,3,2006496_NY_Anthropogenic_NYC_23_loc01 09/13/2023
2023,2006496,NYC,NY_Anthropogenic_NYC_23_loc02 09/20/2023,8069602,2023-10-06T05:43:14Z,2023-10-06T05:43:26Z,Mammalia,Lagomorpha,Leporidae,Sylvilagus,floridanus,Eastern Cottontail,NA,NA,1,12,2006496_NY_Anthropogenic_NYC_23_loc02 09/20/2023
2023,2006496,NYC,NY_Anthropogenic_NYC_23_loc45 09/23/2023,7627867,2023-09-22T20:45:53Z,2023-09-22T20:45:56Z,Mammalia,Carnivora,Canidae,Canis,latrans,Coyote,NA,NA,1,3,2006496_NY_Anthropogenic_NYC_23_loc45 09/23/2023
2023,2006496,NYC,NY_Anthropogenic_NYC_23_loc59 09/01/2023,7991971,2023-10-12T10:22:57Z,2023-10-12T10:23:01Z,Mammalia,Carnivora,Canidae,Canis,latrans,Coyote,NA,NA,1,4,2006496_NY_Anthropogenic_NYC_23_loc59 09/01/2023
2023,2006496,NYC,NY_Anthropogenic_NYC_23_loc01 09/13/2023,8068875,2023-11-23T18:40:17Z,2023-11-23T18:41:05Z,Mammalia,Lagomorpha,Leporidae,Sylvilagus,floridanus,Eastern Cottontail,NA,NA,1,48,2006496_NY_Anthropogenic_NYC_23_loc01 09/13/2023
2023,2006496,NYC,NY_Anthropogenic_NYC_23_loc59 09/01/2023,7991818,2023-09-20T17:06:21Z,2023-09-20T17:06:21Z,Mammalia,Carnivora,Canidae,Canis,latrans,Coyote,NA,NA,1,0,2006496_NY_Anthropogenic_NYC_23_loc59 09/01/2023
2023,2006496,NYC,NY_Anthropogenic_NYC_23_loc01 09/13/2023,8068488,2023-11-04T01:20:56Z,2023-11-04T01:20:59Z,Mammalia,Lagomorpha,Leporidae,Sylvilagus,floridanus,Eastern Cottontail,NA,NA,1,3,2006496_NY_Anthropogenic_NYC_23_loc01 09/13/2023
2023,2006496,NYC,NY_Anthropogenic_NYC_23_loc01 09/13/2023,8068181,2023-10-17T00:43:21Z,2023-10-17T00:43:24Z,Mammalia,Lagomorpha,Leporidae,Sylvilagus,floridanus,Eastern Cottontail,NA,NA,1,3,2006496_NY_Anthropogenic_NYC_23_loc01 09/13/2023
2023,2006496,NYC,NY_Anthropogenic_NYC_23_loc01 09/13/2023,8068573,2023-11-08T14:11:30Z,2023-11-08T14:11:34Z,Mammalia,Carnivora,Canidae,Canis,latrans,Coyote,NA,NA,1,4,2006496_NY_Anthropogenic_NYC_23_loc01 09/13/2023
2023,2006496,NYC,NY_Anthropogenic_NYC_23_loc01 09/13/2023,8068902,2023-11-24T22:58:32Z,2023-11-24T22:59:42Z,Mammalia,Lagomorpha,Leporidae,Sylvilagus,floridanus,Eastern Cottontail,NA,NA,1,70,2006496_NY_Anthropogenic_NYC_23_loc01 09/13/2023
2023,2006496,NYC,NY_Anthropogenic_NYC_23_loc31 10/04/2023,7572176,2023-10-24T23:30:47Z,2023-10-24T23:32:22Z,Mammalia,Lagomorpha,Leporidae,Sylvilagus,floridanus,Eastern Cottontail,NA,NA,1,95,2006496_NY_Anthropogenic_NYC_23_loc31 10/04/2023
2023,2006496,NYC,NY_Anthropogenic_NYC_23_loc01 09/13/2023,8068356,2023-10-26T16:04:33Z,2023-10-26T16:04:38Z,Mammalia,Carnivora,Canidae,Canis,latrans,Coyote,NA,NA,1,5,2006496_NY_Anthropogenic_NYC_23_loc01 09/13/2023
2023,2006496,NYC,NY_Anthropogenic_NYC_23_loc01 09/13/2023,8068218,2023-10-18T17:01:16Z,2023-10-18T17:01:19Z,Mammalia,Lagomorpha,Leporidae,Sylvilagus,floridanus,Eastern Cottontail,NA,NA,1,3,2006496_NY_Anthropogenic_NYC_23_loc01 09/13/2023
2023,2006496,NYC,NY_Anthropogenic_NYC_23_loc49 09/28/2023,7635032,2023-10-22T19:37:35Z,2023-10-22T19:37:39Z,Mammalia,Lagomorpha,Leporidae,Sylvilagus,floridanus,Eastern Cottontail,NA,NA,1,4,2006496_NY_Anthropogenic_NYC_23_loc49 09/28/2023
2023,2006496,NYC,NY_Anthropogenic_NYC_23_loc59 09/01/2023,7992016,2023-10-17T11:11:15Z,2023-10-17T11:11:19Z,Mammalia,Carnivora,Canidae,Canis,latrans,Coyote,NA,NA,1,4,2006496_NY_Anthropogenic_NYC_23_loc59 09/01/2023
2023,2006496,NYC,NY_Anthropogenic_NYC_23_loc01 09/13/2023,8068815,2023-11-22T17:41:32Z,2023-11-22T17:42:28Z,Mammalia,Lagomorpha,Leporidae,Sylvilagus,floridanus,Eastern Cottontail,NA,NA,1,56,2006496_NY_Anthropogenic_NYC_23_loc01 09/13/2023
2023,2006496,NYC,NY_Anthropogenic_NYC_23_loc31 10/04/2023,7571703,2023-10-11T18:00:53Z,2023-10-11T18:00:57Z,Mammalia,Lagomorpha,Leporidae,Sylvilagus,floridanus,Eastern Cottontail,NA,NA,1,4,2006496_NY_Anthropogenic_NYC_23_loc31 10/04/2023
2023,2006496,NYC,NY_Anthropogenic_NYC_23_loc49 09/28/2023,7634922,2023-10-22T02:17:12Z,2023-10-22T02:17:15Z,Mammalia,Lagomorpha,Leporidae,Sylvilagus,floridanus,Eastern Cottontail,NA,NA,1,3,2006496_NY_Anthropogenic_NYC_23_loc49 09/28/2023
2023,2006496,NYC,NY_Anthropogenic_NYC_23_loc02 09/20/2023,8069837,2023-10-14T05:30:01Z,2023-10-14T05:30:04Z,Mammalia,Lagomorpha,Leporidae,Sylvilagus,floridanus,Eastern Cottontail,NA,NA,1,3,2006496_NY_Anthropogenic_NYC_23_loc02 09/20/2023
2023,2006496,NYC,NY_Anthropogenic_NYC_23_loc59 09/01/2023,7991846,2023-09-26T11:04:58Z,2023-09-26T11:05:02Z,Mammalia,Carnivora,Canidae,Canis,latrans,Coyote,NA,NA,1,4,2006496_NY_Anthropogenic_NYC_23_loc59 09/01/2023
2023,2006496,NYC,NY_Anthropogenic_NYC_23_loc01 09/13/2023,8068695,2023-11-15T00:21:26Z,2023-11-15T00:21:34Z,Mammalia,Lagomorpha,Leporidae,Sylvilagus,floridanus,Eastern Cottontail,NA,NA,1,8,2006496_NY_Anthropogenic_NYC_23_loc01 09/13/2023
2023,2006496,NYC,NY_Anthropogenic_NYC_23_loc42 09/28/2023,7627383,2023-10-12T01:48:48Z,2023-10-12T01:48:57Z,Mammalia,Lagomorpha,Leporidae,Sylvilagus,floridanus,Eastern Cottontail,NA,NA,1,9,2006496_NY_Anthropogenic_NYC_23_loc42 09/28/2023
2023,2006496,NYC,NY_Anthropogenic_NYC_23_loc01 09/13/2023,8068951,2023-11-26T05:15:42Z,2023-11-26T05:16:03Z,Mammalia,Lagomorpha,Leporidae,Sylvilagus,floridanus,Eastern Cottontail,NA,NA,1,21,2006496_NY_Anthropogenic_NYC_23_loc01 09/13/2023
2023,2006496,NYC,NY_Anthropogenic_NYC_23_loc01 09/13/2023,8069003,2023-11-28T05:49:44Z,2023-11-28T05:51:54Z,Mammalia,Lagomorpha,Leporidae,Sylvilagus,floridanus,Eastern Cottontail,NA,NA,1,130,2006496_NY_Anthropogenic_NYC_23_loc01 09/13/2023
2023,2006496,NYC,NY_Anthropogenic_NYC_23_loc01 09/13/2023,8068993,2023-11-28T04:42:13Z,2023-11-28T04:42:59Z,Mammalia,Lagomorpha,Leporidae,Sylvilagus,floridanus,Eastern Cottontail,NA,NA,1,46,2006496_NY_Anthropogenic_NYC_23_loc01 09/13/2023
2023,2006496,NYC,NY_Anthropogenic_NYC_23_loc01 09/13/2023,8068797,2023-11-21T00:21:53Z,2023-11-21T00:22:31Z,Mammalia,Lagomorpha,Leporidae,Sylvilagus,floridanus,Eastern Cottontail,NA,NA,1,38,2006496_NY_Anthropogenic_NYC_23_loc01 09/13/2023
2023,2006496,NYC,NY_Anthropogenic_NYC_23_loc02 09/20/2023,8070200,2023-11-06T10:19:02Z,2023-11-06T10:19:14Z,Mammalia,Carnivora,Canidae,Canis,latrans,Coyote,NA,NA,1,12,2006496_NY_Anthropogenic_NYC_23_loc02 09/20/2023
2023,2006496,NYC,NY_Anthropogenic_NYC_23_loc01 09/13/2023,8068984,2023-11-27T23:02:54Z,2023-11-27T23:03:21Z,Mammalia,Lagomorpha,Leporidae,Sylvilagus,floridanus,Eastern Cottontail,NA,NA,1,27,2006496_NY_Anthropogenic_NYC_23_loc01 09/13/2023
2023,2006496,NYC,NY_Anthropogenic_NYC_23_loc59 09/01/2023,7991809,2023-09-18T23:37:57Z,2023-09-18T23:38:01Z,Mammalia,Carnivora,Canidae,Canis,latrans,Coyote,NA,NA,1,4,2006496_NY_Anthropogenic_NYC_23_loc59 09/01/2023
2023,2006496,NYC,NY_Anthropogenic_NYC_23_loc42 09/28/2023,7627175,2023-10-08T19:00:40Z,2023-10-08T19:00:50Z,Mammalia,Lagomorpha,Leporidae,Sylvilagus,floridanus,Eastern Cottontail,NA,NA,1,10,2006496_NY_Anthropogenic_NYC_23_loc42 09/28/2023
2023,2006496,NYC,NY_Anthropogenic_NYC_23_loc03 09/13/2023,8070340,2023-09-22T04:48:37Z,2023-09-22T04:48:40Z,Mammalia,Lagomorpha,Leporidae,Sylvilagus,floridanus,Eastern Cottontail,NA,NA,1,3,2006496_NY_Anthropogenic_NYC_23_loc03 09/13/2023
2023,2006496,NYC,NY_Anthropogenic_NYC_23_loc02 09/20/2023,8069563,2023-10-04T13:56:38Z,2023-10-04T13:56:42Z,Mammalia,Lagomorpha,Leporidae,Sylvilagus,floridanus,Eastern Cottontail,NA,NA,1,4,2006496_NY_Anthropogenic_NYC_23_loc02 09/20/2023
2023,2006496,NYC,NY_Anthropogenic_NYC_23_loc59 09/01/2023,7991820,2023-09-20T19:11:17Z,2023-09-20T19:11:21Z,Mammalia,Carnivora,Canidae,Canis,latrans,Coyote,NA,NA,1,4,2006496_NY_Anthropogenic_NYC_23_loc59 09/01/2023
2023,2006496,NYC,NY_Anthropogenic_NYC_23_loc32 10/04/2023,7574909,2023-11-02T21:37:48Z,2023-11-02T21:38:30Z,Mammalia,Lagomorpha,Leporidae,Sylvilagus,floridanus,Eastern Cottontail,NA,NA,1,42,2006496_NY_Anthropogenic_NYC_23_loc32 10/04/2023
2023,2006496,NYC,NY_Anthropogenic_NYC_23_loc31 10/04/2023,7572276,2023-10-26T05:39:06Z,2023-10-26T05:39:10Z,Mammalia,Lagomorpha,Leporidae,Sylvilagus,floridanus,Eastern Cottontail,NA,NA,1,4,2006496_NY_Anthropogenic_NYC_23_loc31 10/04/2023
2023,2006496,NYC,NY_Anthropogenic_NYC_23_loc02 09/20/2023,8069515,2023-10-02T18:07:37Z,2023-10-02T18:07:40Z,Mammalia,Lagomorpha,Leporidae,Sylvilagus,floridanus,Eastern Cottontail,NA,NA,1,3,2006496_NY_Anthropogenic_NYC_23_loc02 09/20/2023
2023,2006496,NYC,NY_Anthropogenic_NYC_23_loc32 10/04/2023,7572706,2023-10-13T03:43:30Z,2023-10-13T03:43:33Z,Mammalia,Lagomorpha,Leporidae,Sylvilagus,floridanus,Eastern Cottontail,NA,NA,1,3,2006496_NY_Anthropogenic_NYC_23_loc32 10/04/2023
2023,2006496,NYC,NY_Anthropogenic_NYC_23_loc59 09/01/2023,7991777,2023-09-05T04:22:46Z,2023-09-05T04:22:50Z,Mammalia,Carnivora,Canidae,Canis,latrans,Coyote,NA,NA,1,4,2006496_NY_Anthropogenic_NYC_23_loc59 09/01/2023
2023,2006496,NYC,NY_Anthropogenic_NYC_23_loc01 09/13/2023,8068816,2023-11-22T20:15:48Z,2023-11-22T20:15:50Z,Mammalia,Lagomorpha,Leporidae,Sylvilagus,floridanus,Eastern Cottontail,NA,NA,1,2,2006496_NY_Anthropogenic_NYC_23_loc01 09/13/2023
2023,2006496,NYC,NY_Anthropogenic_NYC_23_loc42 09/28/2023,7626935,2023-10-03T18:23:42Z,2023-10-03T18:23:45Z,Mammalia,Lagomorpha,Leporidae,Sylvilagus,floridanus,Eastern Cottontail,NA,NA,1,3,2006496_NY_Anthropogenic_NYC_23_loc42 09/28/2023
2023,2006496,NYC,NY_Anthropogenic_NYC_23_loc02 09/20/2023,8069514,2023-10-02T17:47:14Z,2023-10-02T17:47:17Z,Mammalia,Lagomorpha,Leporidae,Sylvilagus,floridanus,Eastern Cottontail,NA,NA,1,3,2006496_NY_Anthropogenic_NYC_23_loc02 09/20/2023
2023,2006496,NYC,NY_Anthropogenic_NYC_23_loc59 09/01/2023,7991909,2023-10-02T13:38:22Z,2023-10-02T13:38:48Z,Mammalia,Carnivora,Canidae,Canis,latrans,Coyote,NA,NA,1,26,2006496_NY_Anthropogenic_NYC_23_loc59 09/01/2023
2023,2006496,NYC,NY_Anthropogenic_NYC_23_loc01 09/13/2023,8068758,2023-11-19T02:56:39Z,2023-11-19T02:56:41Z,Mammalia,Lagomorpha,Leporidae,Sylvilagus,floridanus,Eastern Cottontail,NA,NA,1,2,2006496_NY_Anthropogenic_NYC_23_loc01 09/13/2023
2023,2006496,NYC,NY_Anthropogenic_NYC_23_loc01 09/13/2023,8068576,2023-11-08T17:44:17Z,2023-11-08T17:44:20Z,Mammalia,Lagomorpha,Leporidae,Sylvilagus,floridanus,Eastern Cottontail,NA,NA,1,3,2006496_NY_Anthropogenic_NYC_23_loc01 09/13/2023
2023,2006496,NYC,NY_Anthropogenic_NYC_23_loc01 09/13/2023,8068945,2023-11-25T20:51:41Z,2023-11-25T20:51:43Z,Mammalia,Lagomorpha,Leporidae,Sylvilagus,floridanus,Eastern Cottontail,NA,NA,1,2,2006496_NY_Anthropogenic_NYC_23_loc01 09/13/2023
2023,2006496,NYC,NY_Anthropogenic_NYC_23_loc01 09/13/2023,8068574,2023-11-08T14:41:15Z,2023-11-08T14:41:20Z,Mammalia,Carnivora,Canidae,Canis,latrans,Coyote,NA,NA,1,5,2006496_NY_Anthropogenic_NYC_23_loc01 09/13/2023
2023,2006496,NYC,NY_Anthropogenic_NYC_23_loc59 09/01/2023,7991912,2023-10-02T17:55:01Z,2023-10-02T17:55:01Z,Mammalia,Carnivora,Canidae,Canis,latrans,Coyote,NA,NA,1,0,2006496_NY_Anthropogenic_NYC_23_loc59 09/01/2023
2023,2006496,NYC,NY_Anthropogenic_NYC_23_loc01 09/13/2023,8068883,2023-11-23T22:30:26Z,2023-11-23T22:30:29Z,Mammalia,Lagomorpha,Leporidae,Sylvilagus,floridanus,Eastern Cottontail,NA,NA,1,3,2006496_NY_Anthropogenic_NYC_23_loc01 09/13/2023
2023,2006496,NYC,NY_Anthropogenic_NYC_23_loc01 09/13/2023,8068300,2023-10-23T22:23:41Z,2023-10-23T22:23:44Z,Mammalia,Lagomorpha,Leporidae,Sylvilagus,floridanus,Eastern Cottontail,NA,NA,1,3,2006496_NY_Anthropogenic_NYC_23_loc01 09/13/2023
2023,2006496,NYC,NY_Anthropogenic_NYC_23_loc59 09/01/2023,7991917,2023-10-02T23:34:33Z,2023-10-02T23:34:37Z,Mammalia,Carnivora,Canidae,Canis,latrans,Coyote,NA,NA,1,4,2006496_NY_Anthropogenic_NYC_23_loc59 09/01/2023
2023,2006496,NYC,NY_Anthropogenic_NYC_23_loc59 09/01/2023,7991960,2023-10-11T11:28:08Z,2023-10-11T11:28:12Z,Mammalia,Carnivora,Canidae,Canis,latrans,Coyote,NA,NA,1,4,2006496_NY_Anthropogenic_NYC_23_loc59 09/01/2023
2023,2006496,NYC,NY_Anthropogenic_NYC_23_loc01 09/13/2023,8068952,2023-11-26T05:40:51Z,2023-11-26T05:40:54Z,Mammalia,Lagomorpha,Leporidae,Sylvilagus,floridanus,Eastern Cottontail,NA,NA,1,3,2006496_NY_Anthropogenic_NYC_23_loc01 09/13/2023
2023,2006496,NYC,NY_Anthropogenic_NYC_23_loc42 09/28/2023,7627549,2023-10-16T00:52:49Z,2023-10-16T00:52:52Z,Mammalia,Lagomorpha,Leporidae,Sylvilagus,floridanus,Eastern Cottontail,NA,NA,1,3,2006496_NY_Anthropogenic_NYC_23_loc42 09/28/2023
2023,2006496,NYC,NY_Anthropogenic_NYC_23_loc59 09/01/2023,7991793,2023-09-11T21:49:38Z,2023-09-11T21:49:42Z,Mammalia,Carnivora,Canidae,Canis,latrans,Coyote,NA,NA,1,4,2006496_NY_Anthropogenic_NYC_23_loc59 09/01/2023
2023,2006496,NYC,NY_Anthropogenic_NYC_23_loc32 10/04/2023,7574434,2023-10-29T18:37:03Z,2023-10-29T18:37:13Z,Mammalia,Lagomorpha,Leporidae,Sylvilagus,floridanus,Eastern Cottontail,NA,NA,1,10,2006496_NY_Anthropogenic_NYC_23_loc32 10/04/2023
2023,2006496,NYC,NY_Anthropogenic_NYC_23_loc02 09/20/2023,8069890,2023-10-16T05:42:40Z,2023-10-16T05:43:00Z,Mammalia,Lagomorpha,Leporidae,Sylvilagus,floridanus,Eastern Cottontail,NA,NA,1,20,2006496_NY_Anthropogenic_NYC_23_loc02 09/20/2023
2023,2006496,NYC,NY_Anthropogenic_NYC_23_loc01 09/13/2023,8068990,2023-11-28T02:11:15Z,2023-11-28T02:11:18Z,Mammalia,Lagomorpha,Leporidae,Sylvilagus,floridanus,Eastern Cottontail,NA,NA,1,3,2006496_NY_Anthropogenic_NYC_23_loc01 09/13/2023
